; Name	CorrGreater05.txt
; Species and nomenclature	Homo sapiens, HGNC symbols
; Motif collection	10K (9713 PWMs)
; Track collection	1120 ChIP-seq tracks (ENCODE raw signals)
; Minimum NEScore	3.0
; Rank threshold for visualization	5000
; ROC threshold for AUC calculation (%)	0.03
; Minimum identity between orthologous genes	0.0
; Maximum false discovery rate (FDR) on motif similarity	0.001
; Motif rankings database	20kb centered around TSS (7 species)
; Track rankings database	20kb centered around TSS (ChIP-seq-derived)
; Number of valid nodes	162
; iRegulon version	iRegulon v1.3 (build: 2015-02-12)
# Rank	Motif id	AUC	NES	ClusterCode	Transcription factor	Target genes
1	hdpi-NMRAL1	0.136215	5.30819	M1	NMRAL1	SEPHS1,HOXA11,TBX3,ZNF521,HDAC4,JARID2,ZNF503,BRPF3,GLI3,CADM1,VCAN,ZCCHC12,RORA,CDK6,FBXL7,SMAD2,SS18,AXIN2,SLC7A1,CTNNB1,ID2,FAM171A1,DPP10,NHS,EFNA3,CHN1,DAB2,ZNF462,NR4A3,GAS2L3,CSRP2,CLDN1,ARHGAP12,RORB,MAML3,SLC23A2,NKD1,CGNL1,RGS7,FAM169A,CHSY1,BMP4,CDH2,ETV5,TNFRSF19,UST,LGR5,TCF3,COL18A1,ABR
2	jaspar-CN0074.1	0.12168	4.45904	M2	TCF7L2	TNFRSF19,SP5,NKD1,AFF3,SLC7A1,DAAM2,AXIN2,ZNF462,ERN1,PDE2A,SMAD2,NTM,ATL2,RORA,VSNL1,GLI3,ZNF503,NETO2,SV2C,SLIT2,CALN1,SYTL2,CACNB2,CGNL1,NR4A3
3	homer-M00640	0.120801	4.40764	M2	TCF7,LEF1,TCF7L2,TCF7L1	AXIN2,HOXA11,NKD1,SP5,SEPHS1,NHS,ZNF521,EFNA3,DPP10,SLC7A1,CACNB2,ZNF503,FBXL7,VCAN,NR4A3,TBX3,TNFRSF19,SLIT2,SYTL2,RORB,COL11A1,AFF3,DAAM2,CDH2,TLE1,SMAD2,CTHRC1,KCNJ5,AGTR1,GLI3,NPAS2,HDAC4,APCDD1,CHN1,FARP1,MAML3,QPCT,CLDN1,SMS,LGR5,NETO2,GAS2L3,ARHGAP32,PRKD3,SH3BP4,NOSTRIN,JARID2,NTM,DAB2,LAMA2,CGNL1,ID2,UGCG,ABCB4,EML6,ERN1,KCTD1,COL18A1,ZCCHC12,BMP4,CHSY1,RGS7,RORA,SMAGP,DACH1,ETV5,CADM1
4	transfac_pro-M02355	0.120801	4.40764	M2		AXIN2,HOXA11,NKD1,SP5,SEPHS1,NHS,ZNF521,EFNA3,DPP10,SLC7A1,CACNB2,ZNF503,FBXL7,VCAN,NR4A3,TBX3,TNFRSF19,SLIT2,SYTL2,RORB,COL11A1,AFF3,DAAM2,CDH2,TLE1,SMAD2,CTHRC1,KCNJ5,AGTR1,GLI3,NPAS2,HDAC4,APCDD1,CHN1,FARP1,MAML3,QPCT,CLDN1,SMS,LGR5,NETO2,GAS2L3,ARHGAP32,PRKD3,SH3BP4,NOSTRIN,JARID2,NTM,DAB2,LAMA2,CGNL1,ID2,UGCG,ABCB4,EML6,ERN1,KCTD1,COL18A1,ZCCHC12,BMP4,CHSY1,RGS7,RORA,SMAGP,DACH1,ETV5,CADM1
5	hdpi-RUVBL1	0.116316	4.14564	M3	RUVBL1	SEPHS1,HDAC4,TLE1,COL18A1,CADM1,RORA,NR4A3,CDK6,NTM,TNFSF4,AXIN2,CHN1,ZNF462,VCAN,DPP10,ETV5,UST,NOSTRIN,NPAS2
6	homer-M00199	0.114291	4.02735	M2	TCF3,TCF7L2,TCF4,TCF7,TCF7L1,LEF1	AXIN2,TNFRSF19,SP5,BMP4,SLC7A1,ZNF503,GOLGA7B,EFNA3,HDAC4,CDK6,SMAGP,CACNB2,NKD1,ISM1,AFF3,ABR,NETO2,QPCT,TLE1,ERN1,LTBP1,LGR5,DPP10,FAM169A,RELN,LEF1,VCAN,RORA,RAB30,CADM1,DACH1,ATL2,TBX3,DAB2,ASB4,KCNJ5,FGF12,FBXL7
7	transfac_pro-M01599	0.112882	3.94497	M4	FOXP3,FOXJ2,FOXC2,HSF1,FOXO1,FOXJ1,FOXF1,FOXF2,HMGA1,HMGA2,FOXL1,FOXJ3,FOXA1,FOXD2	TLE1,ETV5,NHS,SEPHS1,CADM1,SLIT2,AFF3,SMYD2,ZNF521,TNFRSF19,TBX3,LEF1,ZRANB1,ABR,DACH1,FAM114A1,MAML3,DAAM2,BMP4,HDAC4,ISM1
8	transfac_pro-M01705	0.112871	3.94435	M2	TCF7L2,PITX3,TCF4,TCF7,LEF1,TCF7L1,ZNF354C,TCF3	SP5,SLC7A1,AXIN2,NKD1,CACNB2,SEPHS1,TNFRSF19,EFNA3,ZNF503,GLI3,CTHRC1,RORA,GOLGA7B,NETO2,AFF3,FARP1,DPP10,HDAC4,LGR5,TLE1,NPAS2,COL11A1,APCDD1,SMAGP,AGTR1,VCAN,FAM169A,SLC30A1,CHN1,DAAM2,KCNJ5,QPCT,ISM1,LEF1,ETV5,ZNF521,HOXA11,FAM114A1,DACH1,ABR,CDH2,DAB2,MAML3,ZCCHC12,EML6,SLC23A2,FBXL7,SYTL2,TBX3,CLDN1,BMP4,FGF12,SMS,SLIT2,CALN1,CGNL1,ZNF711,ZNF462,LTBP1,PDE2A,ITGA9,CHSY1,CDK6,ARHGAP32,RAB30,KCTD1,WNT4,VSNL1,GAS2L3,NR4A3,ABCB4,TNFSF4,SH3BP4,BRPF3,UST,CTNNB1,SMAD2,ASB4,RGS7,ATL2,NHS,SLC22A3,IFFO2,ERN1,DPYSL2,UBE2QL1,CSRP2,PRKD3,NTM,PCP4,FSCN1,SMYD2,PSD3,JARID2
9	swissregulon-LEF1_TCF7_TCF7L1-2.p2	0.11109	3.8403	M2	TCF7L1,LEF1,TCF7L2,TCF7,TCF4,TCF3	SP5,EFNA3,TNFRSF19,AXIN2,CACNB2,NKD1,GOLGA7B,SLC7A1,HDAC4,DACH1,ABR,RORA,PRKD3,CDH2
10	homer-M00391	0.110687	3.81676	M2	LEF1,TCF7,TCF7L2,TCF7L1	AXIN2,NKD1,SP5,HOXA11,ZNF503,RORB,SEPHS1,ZNF521,TBX3,NHS,DPP10,EFNA3
11	jaspar-PB0084.1	0.110496	3.80561	M2	TCF7L2,TCF4,LEF1,TCF7,TCF7L1,SOX4,TCF3,NANOG,SOX11	SP5,NKD1,TNFRSF19,TLE1,CACNB2,GOLGA7B,EFNA3,ABR,SLC7A1,BMP4,AXIN2,AFF3,HDAC4
12	transfac_pro-M02774	0.108959	3.71581	M2	LEF1,TCF4,TCF7L2,TCF7L1,TCF7,SOX4,TCF3,SOX11	SP5,NKD1,TLE1,EFNA3,TNFRSF19,CACNB2,GOLGA7B,ABR,AXIN2,HDAC4,AFF3,SLC7A1
13	hdpi-RBBP9	0.108885	3.71147	M1	RBBP9	GLI3,SEPHS1,ZNF521,PDE5A,CDK6,NETO2,DACH1,CTNNB1,CDH2,RELN,TLE1,SLIT2,ETV5,RORA,BRPF3,TNFRSF19,GAS2L3,COL11A1,AFF3,LTBP1,KCTD1,CHN1,QPCT,SMAD2,PRKD3,AGTR1,ZNF462,TBX3,LEF1,AXIN2,CACNB2,NHS,LGR5,ASB4,HDAC4,SLC30A1,CADM1,RORB,MERTK,PDZD8,BUB3,MAML3,PEG10,LAMA2,ID2,HOXA11,VSNL1,DPP10,NPAS2,JARID2,FBXL7,VCAN,ARHGAP32,BMP4,SV2C,KCNJ5,NKD1
14	transfac_pro-M02014	0.108736	3.7028	M4	FOXA2,PGR,NR3C1,FOXA3,FOXA1,SMAD1,FOXI1,IRF1,MAF,FOXO1,NF1,HMGA1,HMGA2,HLTF,FOXD3,RRN3,FOXF2,FOXH1,TCF4,FOXF1,FOXJ1,FOXC2,FOXP3,SOX10,FOXJ2	NR4A3,AFF3,SLIT2,NHS,SEPHS1,ISM1,ZNF521,TLE1,LEF1,NOSTRIN,MAML3,CADM1,FAM114A1,TNFRSF19,CTDSPL2,TBX3,EFNA3,CSRP2,GAS2L3,VCAN,DACH1,ATL2
15	elemento-CGCCGCC	0.108312	3.67802	M5		NR4A3,JARID2,ZNF503,HDAC4,PRKD3,NHS,MAML3,SEPHS1,ZNF711,EFNA3,ID2,SLIT2,ZNF521,ATL2,NPAS2,PDZD8,RORB,SS18,GAS2L3,BRPF3,ASTN1,RELN,PEA15,LEF1,ISM1,UST,TBX3,GLI3,AFF3,CHN1,FGF12,CDK6,CADM1,SV2C,CDH2,SLC7A1,TLE1,DPYSL2,ZNF462,LGR5,DAAM2,KCTD1,RGS7,BMP4,DAB2,KCNJ5,SLC30A1,PDE5A,FAM171A1,RORA,EML6,NKD1,NRXN2,UGCG,WDFY3,FARP1,NETO2,TCF3,BUB3,RAB30,CACNB2,SMAD2,CTNNB1,CHSY1,FBXL7,AXIN2,CGNL1,VCAN,BICD2,SH3BP4,PARVB,SLC12A2,SLC23A2,CBX3,CSRP2,ABR,TNFRSF19,CLDN1,IFFO2,PPRC1,UBE2QL1,SLC22A3,CTDSPL2,SP5,ARHGAP12,CALN1,ERN1,HOXA11,TNFSF4,KIF16B,ETV5,DPP10,NOSTRIN,ITGA9,KCNK3,VSNL1
16	taipale-AAAGATCAAAGGRWW-LEF1-DBD	0.108185	3.67059	M2	LEF1,TCF7L1,TCF4,TCF7,TCF7L2	GOLGA7B,CACNB2,TLE1,AXIN2,TNFRSF19,SP5,AFF3,NKD1,ISM1,LEF1,EFNA3,HDAC4,LTBP1,VCAN,DPP10,ABR
17	factorbook-TCF7L2	0.108047	3.66254	M2	TCF7L2,LEF1,TCF7L1,TCF7,TCF3,TCF4	SP5,TNFRSF19,AXIN2,EFNA3,SLC7A1,GOLGA7B,CACNB2,NKD1,ZNF503,HDAC4,ABR,NETO2,VCAN,TLE1,DPP10,SMAGP
18	transfac_pro-M00803	0.107846	3.65077	M6	E2F3,E2F1,TFDP1,E2F4,TFDP3	MAML3,NR4A3,TLE1,GLI3,ZNF711,SLC7A1,CADM1,ID2,SEPHS1,PEG10,HOXA11,DACH1,TCF3,NTM,ZNF521,KCTD1,ETV5,EFNA3,ZNF462,NHS,TNFRSF19,BMP4,AXIN2,CSRP2,DPYSL2,BUB3,ARHGAP12,CHSY1,SV2C,PRKD3,FGF12,HDAC4,LEF1,CTDSPL2,RORB,CHN1,PDE5A,CTNNB1,UGCG,RORA,VCAN,FARP1,GAS2L3,TBX3,BRPF3,CALN1,LAMA2
19	homer-M00200	0.106669	3.58202	M2	TCF4,LEF1,TCF7,TCF7L2,TCF7L1,TCF3	TNFRSF19,GOLGA7B,AXIN2,SP5,ZNF503,CACNB2,EFNA3,ABR,NKD1,TLE1,SLC7A1,HDAC4
20	stark-AATTWWNAYGCR	0.106468	3.57025	M7		NRXN2,SEPHS1,ZNF503,TBX3,DACH1,HOXA11,CSRP2,TLE1,ISM1,CDK6,SLC7A1,ETV5,CADM1,HDAC4,TNFRSF19,AFF3,GLI3,GAS2L3,NOSTRIN,EFNA3,ZNF462,NETO2,ABR,FBXL7,CACNB2,MAML3,TWSG1,DPP10,SLIT2,KCNJ5,CGNL1,CHSY1,RHBDL3,NTM
21	transfac_pro-M00320	0.106139	3.55105	M8	TBP,TBPL2	HOXA11,SEPHS1,SLIT2,CLDN1,NRXN2,NHS,NR4A3,SLC12A2,CSRP2,HDAC4,ITGA9,CTNNB1,ABR,ZNF462,EFNA3,TBX3,APCDD1,JARID2,GLI3,LGR5,RELN,ETV5,ISM1,SLC30A10,ZNF521,GAS2L3,BMP4,FSCN1,UST,RORA,DAAM2,DAB2
22	transfac_pro-M02090	0.106054	3.5461	M9	E2F4	CTDSPL2,ZNF462,R3HDM1,BRPF3,BUB3,TBX3,SV2C,CDH2,VCAN,KCTD1,TLE1,RAB30,SEPHS1,TCF3,FGF12,ZNF711,UGGT1,NR4A3,LTBP1,GLI3,LEF1,NRXN2,GAS2L3,RELN,NPAS2
23	hdpi-NANOS1	0.105768	3.52938	M5	NANOS1	SV2C,ETV5,TBX3,NR4A3,PEG10,ZNF503,HOXA11,CDH2,ZNF521,SEPHS1,JARID2,KCTD1,DPYSL2,ZNF462,NPAS2,ZNF711,MAML3,CDK6,EFNA3,BRPF3,LEF1,GLI3,CTNNB1,RORB,SLIT2,AFF3,LGR5,TLE1,WDFY3,NTM,CADM1,NETO2,SLC12A2,BMP4,RGS7,UST,FGF12,NRXN2,ASTN1,AGTR1,UGGT1,SYTL2,KCNJ5,SS18,VCAN,GAS2L3,PRKD3,NKD1,CHSY1,HDAC4,CHN1,TNFRSF19,PDZD8,ISM1,CSRP2,AXIN2,RORA,DAB2,EML6,RAB30,VSNL1,IFFO2,TNFSF4,SMAD2,TCF3,NHS,ID2,CACNB2,DACH1,COL11A1,PDE2A,PDE5A,ABR,RELN,BUB3,LAMA2,FBXL7,ATL2,SLC23A2,SLC7A1,DAAM2,FARP1,SIAH2,CALN1,FSCN1,PEA15,ARHGAP32,CAMK1,R3HDM1,FAM169A,GOLGA7B,SLC30A1,RHBDL3
24	transfac_public-M00486	0.105196	3.49593	M8	PAX2	SEPHS1,DACH1,ID2,NR4A3,SP5,CDK6,ZNF521,GLI3,DPP10,ETV5,TBX3,TLE1,HDAC4,LEF1,VCAN,DAB2,BMP4,MAML3,CADM1,GAS2L3,AFF3,TNFRSF19,AXIN2,SMAD2,NTM,SLIT2,LAMA2,CHN1,UST,FGF12,NHS,LTBP1,CTNNB1,CTHRC1,SLC30A1,RHBDL3,ISM1,KCTD1,CDH2,TCF3,NPAS2,AGTR1,CTDSPL2,NKD1,HOXA11,ZNF462,BRPF3,PGM5,ZNF503,SH3BP4,PRKD3
25	jaspar-MA0020.1	0.105079	3.48912	M10		ZNF521,TBX3,ZNF462,QPCT,IFFO2,GLI3,VCAN,ETV5,BMP4,PEG10,CADM1,SEPHS1,VSNL1,RORA,NHS,CTHRC1,MERTK,NTM,NPAS2,ID2,AGTR1,KCNJ5
26	taipale-RTAAACA-FOXP3-DBD	0.105015	3.4854	M4	FOXP3,FOXD2,FOXC2,FOXA1,HLTF,FOXL1,FOXJ2,FOXO1,FOXO4,FOXJ3,FOXA2,FOXF2,FOXL2	CADM1,AFF3,BMP4,SMYD2,HDAC4,ABR,NHS,MAML3,TLE1,EFNA3,ISM1,FAM114A1,DAAM2,TBX3,ZRANB1,ZNF521,RORA
27	yetfasco-559	0.104973	3.48292	M11		PEG10,NR4A3,MAML3,KCTD1,HOXA11,SV2C,EML6,RORB,SP5,TBX3,VSNL1
28	homer-M00689	0.104517	3.45629	M2	LEF1,TCF7,TCF7L2,TCF7L1	NKD1,AXIN2,SP5,HOXA11,SEPHS1,ZNF503,DPP10,TBX3,EFNA3,NHS,FBXL7,FARP1,TLE1,SYTL2,RORB,CLDN1,NR4A3,AGTR1,CHSY1,GAS2L3,TNFRSF19,HDAC4,SH3BP4,JARID2,VCAN,DAAM2,KCNJ5,UGCG,APCDD1,KCTD1,SLIT2,ETV5,LGR5,SMAD2,ABR,RELN,DACH1,CDH2,GLI3,CACNB2,SLC7A1,NPAS2,ZNF521,BMP4,BRPF3,CHN1,GOLGA7B,MAML3,ARHGAP32,ZNF462,ERN1,AFF3,COL18A1,ID2,CADM1,PRKD3
29	jaspar-MA0397.1	0.104379	3.44824	M11		PEG10,NR4A3,MAML3,KCTD1,HOXA11,EML6,SV2C,RORB,SP5,TBX3,VSNL1,KCNJ5,ZNF462,TNFRSF19,ETV5,CGNL1,PGM5,R3HDM1
30	homer-M01545	0.103786	3.41356	M5	EGR1	JARID2,ZNF521,NR4A3,HDAC4,SEPHS1,RORB,CSRP2,ZNF462,BRPF3,GLI3,NRXN2,NPAS2,ID2,LGR5,MAML3,TBX3,AXIN2,ISM1,TCF3,SLC7A1,FGF12,CTNNB1,PRKD3,RHBDL3,NHS,UST,CDH2,VCAN,ZNF503,ATL2,ETV5,KCTD1,SLIT2,TLE1,SMAD2,CGNL1,CDK6,NTM,RORA
31	hdpi-SUCLG1	0.103722	3.40984	M12	SUCLG1	DACH1,GLI3,CDK6,COL11A1,RELN,RORB,AGTR1,RORA,TNFRSF19,ZNF462,CADM1,DPP10,SEPHS1,CHN1,NHS,GAS2L3,SLIT2,DAB2,CAMK1
32	transfac_pro-M01873	0.103457	3.39435	M5	EGR1,EGR3,EGR2,EGR4,WT1	EFNA3,KCTD1,ZNF521,LEF1,NR4A3,PEA15,BMP4,CSRP2,JARID2,TCF3,MAML3,ZNF462,COL11A1,GLI3,FGF12,CTNNB1,CACNB2,ID2,SEPHS1,FBXL7,SLIT2,CGNL1,CADM1,TBX3,AXIN2
33	hdpi-GTPBP6	0.103393	3.39064	M3	GTPBP6	SEPHS1,GLI3,ZNF503,ZNF521,AXIN2,CACNB2,DPP10,DACH1,CAMK1,KCTD1,QPCT,NETO2,BRPF3,TNFRSF19,NR4A3,CHN1,VCAN,SLC12A2,HDAC4,CDK6,FARP1,NKD1,ID2,SYTL2,SLIT2,JARID2,NPAS2,GAS2L3,ERN1,ETV5,CLDN1,CDH2,RAB30,PEG10
34	yetfasco-2124	0.102726	3.35162	M4	FOXC2,FOXD2,FOXO1,FOXJ2,FOXA1,FOXL1,HLTF,FOXO4,FOXD3,FOXA2,FOXA3,FOXP3,FOXF2,FOXJ1,FOXF1,FOXO3,FOXB1,FOXJ3,FOXK1	CADM1,SLIT2,MAML3,NR4A3,SEPHS1,ZNF521,HDAC4,RORB,ABR,UGCG,CACNB2,TLE1,FAM114A1,ZRANB1,AFF3,CALN1,TBX3,VCAN
35	jaspar-CN0186.1	0.102651	3.34728	M13		NR4A3,AFF3,NRXN2,RORA,NHS,AGTR1,PSD3,FGF12,PPRC1,TNFRSF19,PARVB,ZNF462,SMS,GLI3,PDE2A,CGNL1,DPP10,CTDSPL2,MAML3,CALN1,ZCCHC12,GAS2L3
36	transfac_public-M00090	0.10263	3.34604	M8	CDX1,CDX4,CDX2,HOXD8	SEPHS1,HDAC4,NRXN2,TLE1,LAMA2,EFNA3,NR4A3,TNFRSF19,CHSY1,DACH1,AFF3,DAAM2,NKD1,KCTD1,QPCT,FAM169A,CGNL1,DPP10,FGF12,CDH2,ID2,AXIN2,AGTR1,FARP1,SLIT2,ZNF462,ABR
37	transfac_public-M00181	0.102535	3.34047	M14		ZNF711,AXIN2,VSNL1,ZNF521,GAS2L3,CADM1,NR4A3,SV2C,SLC23A2,RORA,TNFRSF19,RELN,VCAN,ZNF462,DAAM2,ETV5
38	homer-M00833	0.102142	3.31755	M5		JARID2,RORB,LEF1,NR4A3,ZNF503,NHS,KCTD1,BRPF3,PRKD3,EFNA3,ZNF711,ZNF521,UST,ZNF462,SEPHS1,HDAC4,SS18,TBX3,FGF12,CGNL1,CSRP2,AXIN2,MAML3,FARP1,ID2,RORA,CTNNB1,VCAN,BMP4
39	yetfasco-2204	0.101899	3.30331	M4	FOXC2,FOXO1,FOXJ2,FOXD2,FOXO4,FOXL1,FOXF2,FOXJ1,FOXD3,FOXP3,FOXF1,FOXA1,FOXA2,FOXJ3,FOXO3,HLTF,FOXO6,FOXI1,FOXB1,FOXA3,FOXD1,FOXP1,TFAP4,SOX10,FOXK1,FOXM1,FOXL2	CADM1,MAML3,SLIT2,ZNF521,CACNB2,UGCG,NR4A3,FAM114A1,ABR,ZRANB1,SEPHS1,HDAC4,CALN1,TLE1,BMP4,RORB,AFF3,PDE2A,VCAN,COL18A1,SLC23A2,TNFRSF19,RORA,TBX3,NHS,EFNA3,AGTR1,SMYD2,CSRP2,CDK6
40	jaspar-PF0129.1	0.10174	3.29402	M15		ZNF521,JARID2,NTM,AGTR1,BMP4,RAB30,RORB,VSNL1,ZNF462,GLI3,PDZD8,GAS2L3,TLE1,IFFO2,UST,CACNB2,DAB2,CAMK1,KCNJ5,MAML3,DPP10,SS18,DACH1,BUB3,ATL2
41	yetfasco-945	0.101718	3.29278	M8		SEPHS1,CDK6,CADM1,MAML3,TLE1,TBX3,RALBP1,HDAC4,KCNJ5,TNFRSF19,ITGA9,UGGT1,ARHGAP12,SLC7A1,LTBP1,CTNNB1,BMP4,ETV5,ZNF503,CACNB2,ZNF521,UGCG,NR4A3,SLC30A1,AFF3,NHS,SLC23A2,SV2C,PEA15,ZNF462,CTDSPL2,GOLGA7B,COL18A1,RORB,FGF12,RORA,NTM,ID2,NKD1,CALN1,JARID2,FARP1,NPAS2,PRKD3,FBXL7,SMAD2,ERN1,SLC12A2,KCTD1,FAM114A1,PARVB,LAMA2,LAMC3,DPP10,EFNA3,NOSTRIN,ATL2,SMYD2,GLI3,DPYSL2,CGNL1,MREG,CSRP2,DAAM2,PDZD8,NETO2,ZRANB1,LEF1,VSNL1,CHSY1,FAM169A,AGTR1,RELN,RAB30,COL11A1,IFFO2,VCAN,RGS7,RHBDL3,CHN1,BRPF3,CAMK1,AXIN2,ABR,PSD3,CLDN1,UST,PGM5,ABCB4,SLC22A3,ZNF711,WNT4,TNFSF4,NRXN2,SMS,ARHGAP32
42	transfac_pro-M01057	0.100733	3.23518	M5		NR4A3,JARID2,ZNF503,MAML3,HDAC4,PRKD3,ID2,NHS,SEPHS1,ZNF711,ZNF521,ATL2,SLIT2,RORB,NPAS2,EFNA3,ASTN1,PDZD8,GAS2L3,SS18,ISM1,LEF1,BRPF3,UST,TBX3,CHN1,PEA15,RELN,AFF3,CDK6,FGF12,SLC7A1,FARP1,SV2C,SLC30A1,GLI3,LGR5,DPYSL2,DAB2,RGS7,NETO2,CACNB2,RORA,KCTD1,TLE1,DAAM2,UGCG,CTNNB1,AXIN2,CTDSPL2,EML6,CDH2,KCNJ5,CADM1,RAB30,FAM171A1,TCF3,ZNF462,CHSY1,SLC23A2,NKD1,DPP10,SMAD2,NRXN2,PARVB
43	yetfasco-2125	0.100022	3.19368	M4	FOXC2,FOXD2,FOXA2,FOXA1,FOXA3,FOXD3,FOXO1,HLTF	SLIT2,MAML3,SEPHS1,NR4A3,CADM1,HDAC4,RORB,ZNF521,ABR,TLE1,DAB2,CACNB2,UGCG,VCAN,FAM114A1,TBX3,CDK6,RGS7
44	homer-M00302	0.0999056	3.18687	M8	CDX4,HOXD8	SEPHS1,HDAC4,NRXN2,TLE1,LAMA2,EFNA3,TNFRSF19,NR4A3,CHSY1,AFF3,DACH1,NKD1,DAAM2,KCTD1,QPCT,DPP10,CGNL1,FAM169A,FGF12,CDH2,AGTR1,ABR,FARP1,AXIN2,ZNF462,SLIT2,ID2
45	homer-M00201	0.0998738	3.18501	M2	TCF7L2,TCF3,TCF4,TCF7L1,LEF1,TCF7	TNFRSF19,AXIN2,SLC7A1,HDAC4,ABR,ZNF503,ISM1,LGR5,NKD1,AFF3
46	transfac_public-M00197	0.0998632	3.18439	M8		RALBP1,SV2C,CACNB2,ZNF462,KCTD1,GLI3,KCNJ5,CHSY1,ABR,LTBP1,DPP10,NR4A3,NHS,HDAC4,NRXN2
47	taipale-RTAAACA-Foxk1-DBD	0.09963	3.17076	M4	FOXC2,FOXD2,FOXL1,FOXO1,FOXJ2,FOXP3,FOXA1,HLTF,FOXO4,FOXJ3,FOXO6,FOXI1,FOXF1,FOXF2,FOXJ1,FOXD3,FOXL2	CADM1,MAML3,NHS,AFF3,SMYD2,ZNF521,ZRANB1,TLE1,TBX3,FAM114A1,BMP4,CACNB2,HDAC4,CALN1,AGTR1,VCAN
48	jaspar-CN0080.1	0.0992908	3.15094	M16		DACH1,CADM1,SLC23A2,EFNA3,MAML3,ZNF462,ARHGAP32,RAB30,AGTR1,PDE5A,ASTN1,NOSTRIN,COL11A1,NHS,CACNB2,GLI3,NETO2
49	transfac_public-M00160	0.0991212	3.14103	M4	SRY,ETS1,SOX5,SOX9,NANOG,SOX15,SOX7,SOX18	CTNNB1,SLIT2,SEPHS1,CADM1,DACH1,ZNF521,SLC30A1,EFNA3,CSRP2,SMS,TBX3,KCNK3,ABR,MAML3,ASTN1,BMP4,TNFRSF19,SMAD2,ZNF711,CACNB2,CALN1,RALBP1,SH3BP4,HDAC4,VCAN,CDK6,NR4A3,FBXL7,MREG,GLI3,NRXN2,RAB30,NOSTRIN,NTM,SLC23A2,ETV5,GAS2L3,FAM169A,NKD1,LAMA2,CGNL1,CTDSPL2,NETO2,WNT4,KCTD1
50	transfac_pro-M03827	0.0990682	3.13794	M4	FOXA1,FOXA2,FOXA3,SMAD1,MAF,FOXO1,PGR,NR3C1,NF1,FOXI1,IRF1,HMGA1,HMGA2,FOXH1,FOXF2,RRN3,FOXF1,FOXJ1,FOXD3,TFAP4,FOXP3,HSF1	NHS,TLE1,NOSTRIN,NR4A3,TNFRSF19,LEF1,FAM114A1,AFF3,ETV5,SLIT2,CADM1,TBX3,CACNB2,CSRP2,DACH1,EFNA3,ZNF521,SLC23A2,SEPHS1
51	taipale-NAAGATCAAAGG-Tcf7-DBD	0.0989727	3.13236	M2	LEF1,TCF7L1,TCF7L2,TCF7,TCF4,TCF3	GOLGA7B,SP5,AXIN2,NKD1,CACNB2,TNFRSF19,AFF3,TLE1,ABR
52	hdpi-ZBTB4	0.0986865	3.11564	M1	ZBTB4	SEPHS1,NTM,ID2,MAML3,AXIN2,ZNF462,HOXA11,ABR,ASTN1,DPP10,DACH1,GLI3,QPCT,HDAC4,PDE2A,TLE1,TBX3,FAM171A1
53	yetfasco-2068	0.0986759	3.11502	M6		IFFO2,NR4A3,GLI3,ZNF503,JARID2,LEF1,WDFY3,ABR,CDH2,SV2C,ETV5,TLE1,SLC30A1,DAB2,RHBDL3,GOLGA7B,ID2,RORB,FARP1,EML6,PDZD8,NETO2,CADM1,NPAS2,NTM,TBX3,LAMA2,CTNNB1,SLIT2,SLC12A2,ZNF521,DAAM2,BMP4,NKD1,COL11A1,SEPHS1,FAM114A1,SLC7A1,LGR5,DACH1,TNFRSF19,HOXA11,CBX3,ITGA9,CDK6,VCAN,SLC23A2,UST,ISM1,ERN1,RORA,ZNF711,MAML3,ZNF462,EFNA3,CSRP2,DPYSL2,RELN,FGF12,GAS2L3,NOSTRIN,ASTN1,LTBP1,FBXL7,AXIN2,HDAC4,FAM171A1,KCTD1,NHS,SMYD2,RAB30,ATL2,TNFSF4,PRKD3,SH3BP4,DPP10,BRPF3,CGNL1,PARVB,SLC22A3,UGGT1,ARHGAP12,CACNB2,AFF3,KCNJ5
54	transfac_pro-M00736	0.0985275	3.10635	M9	E2F1,E2F4,E2F7,E2F6,E2F5,E2F2,E2F3	CTDSPL2,BUB3,SV2C,KCTD1,LEF1,TBX3,NPAS2,BRPF3,ZNF711,UGGT1,CTNNB1,SEPHS1,AGTR1
55	hdpi-FLJ37078	0.0979444	3.07228	M12	SRRM3	ZNF462,DACH1,CDK6,RELN,CADM1,SEPHS1,DAAM2,ZNF521,CTNNB1,RORA,GAS2L3,NHS,ISM1,GLI3,LGR5,LAMA2,LTBP1,CACNB2,PGM5,TNFRSF19,AFF3,PSD3,SLIT2,DPP10,RORB,NETO2,TLE1,NR4A3,CAMK1,SV2C,AGTR1,CHN1
56	transfac_pro-M01829	0.097372	3.03884	M10		HOXA11,SEPHS1,ZNF521,NPAS2,TBX3,BRPF3,CADM1,GLI3,CGNL1,MAML3,TLE1,JARID2,VCAN,ARHGAP12,ID2,PEG10,RORA
# Rank	Track id	AUC	NES	ClusterCode	Transcription factor	Target genes
1	wgEncodeSydhTfbsHek293Tcf7l2UcdPk.narrowPeak.gz	0.103743	7.49233	T1	TCF7L2	PSD3,AXIN2,ZNF503,SP5,NKD1,CDK6,ZCCHC12,EFNA3,DACH1,ID2,TCF3,LGR5,CDH2,LEF1,APCDD1,TNFRSF19,SMAGP,HSDL1,ATL2,COL18A1,FSCN1,HOXA11,ZNF521,HDAC4,TBX3,SLIT2,ZRANB1,TLE1,NTM,FGF12,PDE5A,SEPHS1,VCAN,NHS,CLDN1,MAML3,GLI3,KCTD1,FARP1,ZNF711,SLC30A1,SLC12A2,BMP4,JARID2,CADM1,CSRP2,SH3BP4,MREG,BUB3,CBX3,R3HDM1,NETO2,DPYSL2,KIF16B,SMYD2
2	wgEncodeSydhTfbsHct116Tcf7l2UcdPk.narrowPeak.gz	0.0859757	5.96144	T1	TCF7L2	COL18A1,SP5,AXIN2,ZCCHC12,TCF3,ID2,MAML3,PDE5A,FARP1,ZNF503,SMAD2,EFNA3,SYTL2,PSD3,TWSG1,NKD1,CDK6,PRKD3,SMAGP,FSCN1,JARID2,ABR,ABCB4,NHS,TBX3,KCTD1,LGR5,CHSY1,NETO2,LTBP1,TLE1,TNFRSF19,DAB2,CTHRC1,SLC30A1,CSRP2,SEPHS1,ATL2,HSDL1,PDZD8,CHN1,NR4A3,CTNNB1,HOXA11,UGCG,CLDN1,UST,KIF16B,RALBP1,UGGT1,BMP4,YME1L1,SIAH2,BUB3,FAM169A,BRPF3,ETV5,ISM1,CBX3,FAM171A1,EML6,SLC12A2
3	wgEncodeSydhTfbsMcf7Tcf7l2UcdPk.narrowPeak.gz	0.0787351	5.33758	T1	TCF7L2	PSD3,CDK6,SP5,DACH1,LGR5,ZCCHC12,NKD1,ARHGAP32,SMYD2,ZNF503,LEF1,AXIN2,COL18A1
4	wgEncodeHaibTfbsH1neuronsNrsfV0422111PkRep1.broadPeak.gz	0.0685473	4.45979	T2	REST	CADM1,EFNA3,ZNF462,ZNF521,NR4A3,MAML3,FSCN1,DPYSL2,CDH2,VCAN,CBX3,ZNF503
5	wgEncodeSydhTfbsHepg2Tcf7l2UcdPk.narrowPeak.gz	0.0641372	4.0798	T1	TCF7L2	LGR5,APCDD1,SP5,NKD1,TNFRSF19,SMYD2,FAM169A,AXIN2,TLE1,DPP10,R3HDM1,FARP1,EML6,ZNF503,LAMA2,CDK6,CSRP2,FSCN1,CADM1,ATL2,SLC22A3,MREG,PSD3,COL18A1,HSDL1,UBE2QL1,ID2,MERTK,QPCT
6	wgEncodeSydhTfbsPanc1Tcf7l2UcdPk.narrowPeak.gz	0.0609675	3.80669	T1	TCF7L2	LGR5,AXIN2,PSD3,CDK6,NETO2,SP5,NKD1,FSCN1,TCF3,DACH1,ZCCHC12,SMS
7	GSM1208689_batch1_chrom1_LoVo_TCF7L2_PassedQC_peaks_hg19	0.0593349	3.66603	T1	TCF7L2	AXIN2,SP5,PDZD8,ABCB4,CDK6,SLC30A10,GAS2L3,CALN1,SH3BP4
8	wgEncodeHaibTfbsHepg2P300V0416101PkRep2.broadPeak.gz	0.0580733	3.55733	T3	EP300	LGR5,ID2,AXIN2,NKD1,FAM169A,SP5,TLE1,CLDN1,TNFRSF19,ZNF503,FARP1,APCDD1,DEPDC5,SMYD2,SIAH2,SLC30A10,CDH2,SLC22A3,SLC30A1,IFFO2,TNFSF4,CADM1,HSDL1,COL18A1,FSCN1,NPAS2,MREG,ABR
9	wgEncodeSydhTfbsH1hescBrca1IggrabPk.narrowPeak.gz	0.0578719	3.53998	T4	BRCA1	KCNJ5,TBX3,PDE5A,SLIT2,CSRP2,ZNF711,ID2,SLC12A2,DPP10,SIAH2,UST,RALBP1,ETV5,FARP1
10	wgEncodeSydhTfbsH1hescCtbp2UcdPk.narrowPeak.gz	0.0544265	3.24312	T5	CTBP2	ZNF521,TBX3,HOXA11,LEF1,GLI3,NR4A3,RHBDL3,MAML3,KCNJ5,SMAD2,CDK6,FARP1,ASTN1,PSD3,AFF3,AXIN2,RELN,DPP10,SYTL2,SLC7A1,BMP4,ISM1,FGF12,PDE5A,ZNF503,ITGA9,PEG10,SH3BP4,LTBP1,CTNNB1,DACH1,CDH2,SP5,COL18A1,SEPHS1,WDFY3,VCAN,NRXN2,VSNL1,IFFO2,ZNF462,WNT4,NTM,NPAS2,BUB3,CGNL1,CALN1,FBXL7,NETO2,RORB,AGTR1,DAB2,RORA,LGR5,SLC22A3,SIAH2,SLC30A1,NHS,CBX3,COL11A1,SLIT2,MERTK,PDZD8,CSRP2,EFNA3,SV2C,KCTD1,ARHGAP12,FSCN1,EML6,PPRC1,CLDN1,DPYSL2,SLC23A2,PRKD3,FAM169A,SMYD2,TLE1
11	wgEncodeSydhTfbsHelas3Hae2f1StdPk.narrowPeak.gz	0.0538647	3.1947	T6	E2F1	PEG10,SLC7A1,SMAD2,DPYSL2,PSD3,ID2,SEPHS1,CTDSPL2,SMS,ARHGAP12,CHN1,NR4A3,FAM114A1,DEPDC5,ZNF503,NETO2,PRKD3,SMYD2,ACYP1,PARVB,CBX3,CHSY1,SLC12A2,HSDL1,ETV5,SP5,FARP1,SIAH2,SLIT2,UGCG
12	wgEncodeHaibTfbsHepg2Hdac2sc6296V0416101PkRep1.broadPeak.gz	0.0534512	3.15908	T7	HDAC2	SP5,NKD1,ZNF503,LGR5,AXIN2,FAM169A,CLDN1,ID2,TLE1,CHSY1,CDK6,JARID2,ARHGAP12,MERTK,COL18A1,ISM1,KIF16B,VSNL1,EML6,ATL2,SIAH2,SLC23A2,CTNNB1,CADM1,CBX3,TBX3,IFFO2,CACNB2,MREG,SLC30A1,SLC30A10,BMP4,SMYD2,FARP1,NPAS2,SLC22A3,DAB2,NETO2,UGGT1,RORA,MAML3,CDH2,CGNL1,DPYSL2,BRPF3,ERN1,PDZD8,FAM114A1
13	wgEncodeHaibTfbsHepg2Hdac2sc6296V0416101PkRep2.broadPeak.gz	0.053165	3.13442	T7	HDAC2	SP5,CLDN1,AXIN2,NKD1,FAM169A,LGR5,TLE1,SIAH2,SMYD2,COL18A1,CTNNB1,ERN1,NPAS2,TNFSF4,CDK6,SLC30A10,ID2,ZNF503,VSNL1,IFFO2,HSDL1,CDH2
14	wgEncodeSydhTfbsH1hescMxi1IggrabPk.narrowPeak.gz	0.0530166	3.12163	T8	MXI1	SLIT2,BICD2,CACNB2,ZNF462,EFNA3,SV2C,IFFO2,ZNF711,FARP1,CDK6,NKD1,SYTL2,KCTD1,ITGA9,PEG10,TNFRSF19,AGTR1,GOLGA7B
15	wgEncodeHaibTfbsH1neuronsNrsfV0422111PkRep2.broadPeak.gz	0.0519246	3.02755	T2	REST	TLE1,ZNF503,VCAN,MAML3,ZNF462,PARVB,NR4A3,CBX3,CTNNB1,CADM1,RAB30
