; Name	SignificantDEgenesUp_Assie_LEF1median.txt
; Species and nomenclature	Homo sapiens, HGNC symbols
; Motif collection	10K (9713 PWMs)
; Track collection	1120 ChIP-seq tracks (ENCODE raw signals)
; Minimum NEScore	3.0
; Rank threshold for visualization	5000
; ROC threshold for AUC calculation (%)	0.03
; Minimum identity between orthologous genes	0.0
; Maximum false discovery rate (FDR) on motif similarity	0.001
; Motif rankings database	20kb centered around TSS (7 species)
; Track rankings database	20kb centered around TSS (ChIP-seq-derived)
; Number of valid nodes	1079
; iRegulon version	iRegulon v1.3 (build: 2015-02-12)
# Rank	Motif id	AUC	NES	ClusterCode	Transcription factor	Target genes
1	hdpi-NANOS1	0.0716102	5.1934	M1	NANOS1	IRS1,SV2C,TSC22D2,ETV5,SPRED1,AUTS2,PTEN,ARID4A,PPP3CA,TBX3,TSC22D1,NR4A3,BMPR2,BCL11B,TAB2,ZNF503,HOXA11,CCNI,JAG1,SLC44A5,TLE3,HERC1,EGR3,CDH2,JUNB,NR4A2,ESRRG,ZNF521,SEPHS1,SMCHD1,SEMA6D,KRAS,KCNK9,JARID2,SPRY4,KCTD1,SATB2,ZMYM2,DPYSL2,C2orf27A,LOC100287846,CEP170,APP,REV3L,RUNX2,PLCB1,CTNNA2,CTBP2,XPO1,EXT1,GABPB1,ZNF462,ZBTB2,SIN3A,DUSP6,ARID5B,CDK17,TSHZ3,ZNF711,ORC4,ZNF652,SPRED2,ATXN1,FGF9,COL12A1,MLLT3,MAML3,RFX7,CDK6,PIP5K1B,EFNA3,EPC2,MYC,MED12L,LRP6,TTBK2,FNDC3A,PDE10A,ENC1,TRIB2,PRR12,SPRY2,BRPF3,ZFAND6,ZNF827,KLF14,LEF1,SPTBN1,GLI3,TSHZ1,GTF2A1,NFIX,HNRNPH3,SOBP,LRRC4C,ADARB1,OTUD4,PRRX1,FZD7,LIFR,CTNNB1,FERMT2,SESN3,RORB,FBN1,HAS2,SHROOM4,SLIT2,QSER1,REV1,AHNAK,ANKRD12,NOTCH2,AFF3,RNF152,EXOC5,NAP1L1,RFX3,RBFOX2,UBE3A,SLC35F1,LGR5,TUG1,ANKRD50,TLE1,WDFY3,NTM,SV2A,MCC,INPP4B,DIP2C,FOS,JMJD1C,CADM1,FLRT2,HDAC2,IRF2,NETO2,NIN,SLC12A2,USP34,CPT1A,NRP1,FN1,BMP4,TASP1,RGS7,UST,EHBP1,YAP1,ETV1,SMAD4,CDC42EP3,HECTD1,AMOT,PEAK1,SYNE1,HOXD11,FGF12,DHX9,ZNF536,SSBP4,NRXN2,ASTN1,TACC1,ZNF618,ZNF148,AGTR1,ZFP36L1,TET1,KLHDC2,DCN,MXI1,UGGT1,SYTL2,MARK1,KLF3,PBX3,FOXL2,PBX1,MAX,HLF,DDHD1,FGFR2,ANP32A,CSGALNACT2,TMEFF2,DTX3,CREM,KCNJ5,SMAD7,PCGF5,SS18,LSM14A,RCOR1,DUSP5,VCAN,MGA,GAS2L3,SOAT1,PRKD3,NKD1,GJC1,GATA3,FRMD6,CHSY1,CNOT6L,HMX3,PTP4A1,RPRM,PLD5,CHN1,ATP1B2,NPNT,TNFRSF19,SLC39A10,SOCS7,ACAN,SPIN1,GPR3,PDZD8,NDE1,MFHAS1,DCBLD2,BMPR1A,PPM1A,RNF24,ISM1,SLK,CSRP2,KIF5C,TET2,BGN,REST,AXIN2,LCOR,SNAI2,KHDRBS2,LDB2,SULF2,ZNF280C,PPP3R1,DNM3,KLHL5,PLEKHA1,ZC3H4,RORA,DAB2,TDP1,EML6,CASZ1,VGF,RAB30,USPL1,VSNL1,TRAPPC6B,CCND1,ARHGEF12,MAPK1,AMOTL1,RAPH1,IFFO2,TNFSF4,SMAD2,GFRA2,STK39,MBOAT2,NID2,USP3,MID1,EGR1,TCF3,BICD1,CSNK1G1,PRKD1,TCF12,MAPK1IP1L,TCF7L2,PPFIBP1,NOVA2,INTS6,NHS,PIKFYVE,CWF19L1,HSPA13,WAC,RPS6KC1,CACNB2,FAM107A,COL8A1,SHOC2,HTRA1,DACH1,MCF2L2,PTPRS,ETV4,BTAF1,COL11A1,ZNF292,PDE2A,WNT11,CHL1,RAI1,TMEM108,PDE5A,ABR,SAP130,PNMA2,GAB2,STRN3,LAMC1,PTMS,DLL1,CLDN2,SCAF1,ZNRF3,RELN,CLSTN1,STK24,NLK,PPP2R5C,PGR,BUB3,LAMA2,FBXL7,FOXN3,FBXO34,TRAM2,SETX,PFKFB3,ANKRD17,CNTN6,TRPM3,ATL2,ABI2,HOXC10,NFYA,TMEM184C,UTRN,DACT1,GPSM2,QRFPR,SLC23A2,SLC7A1,TTLL5,TEC,ARL5B,PRELP,DAAM2,GATAD2B,FARP1,SERPINE2,KIF20B,CPSF2,ZC3H11A,SIAH2
2	elemento-CGGCGGC	0.0669251	4.59778	M1		PPP3CA,TAB2,PTEN,NR4A3,MAML3,SOBP,TSC22D2,JARID2,NLK,ZNF521,ANKRD50,LSM14A,C2orf27A,EGR3,REV3L,CNOT6L,PTP4A1,IRS1,PRKD3,BMPR2,CDK17,ESRRG,ZNF652,ZBTB2,PBX3,MED12L,SEMA6D,KRAS,WAC,PDE10A,BCL11B,NR4A2,ERH,AUTS2,EXT1,CTBP2,TTBK2,ZFAND6,EGR1,RUNX2,SLIT2,SAV1,IKZF5,NFYA,JAG1,DDHD1,RORB,FNDC3A,ZNF503,KCNK9,GATAD2B,TLE3,SHROOM4,TUG1,REST,ANKRD17,OTUD4,ST6GALNAC5,CCND1,CHIC2,NHS,UBE3A,FZD7,TSC22D1,KCNK3,HERC1,ASTN1,DLL1,LRP12,GAS2L3,EFNA3,QSER1,TSHZ3,CDK6,ZMYM2,INPP4B,ZNF711,LEF1,AFF3,ATL2,EHBP1,SMAD7,SATB2,JMJD1C,FBN1,NFIX,MAPK1,ASXL1,ATXN1,TLE1,SEPHS1,PEA15,ANTXR2,TSHZ1,TMEFF2,SIN3A,ZNF827,XPO1,STK39,CDH2,MLLT3,PRKD1,PITPNB,GTF2A1,ABI2,RFX7,CLSTN1,RELN,NOTCH2,SLC44A5,KLF14,ARID1B,PTPRS,LCOR,SMNDC1,FARP1,ADARB1,PLEKHA1,ZNF280D,NOB1,PPM1A,BRPF3,BMPR1A,CPT1A,HES1,CBL,COL12A1,MAX,NAP1L1,MCF2,TCF12,HECTD1,PTAR1,ZNF462,ISM1,ZNF292,LIFR,ZC3H14,NOTUM,TBX3,FRMD6,FOS,CASZ1,ANKRD12,SSBP4,PRKD2,RORA,BICD2,SESN3,NCBP1,CBFB,GFRA2,GLI3,IRF2,FLRT2,CCNI,EPC2,SLC39A9,MARK1,ABCE1,GABPB1,ETV5,ARID4A,SPRED1,HNRNPH3,PPP2R5C,LRP6,FGFR2,RALGAPA1,PTPRF,RC3H2,PIP5K1B,INTS6,SMCHD1,BMP4,RFX3,PPFIBP1,ZNF148,CTNNB1,FGF12,SERPINE2,SLC12A2,CADM1,FGF9,TM9SF3,SS18,ZNRF3,TMTC1,SPRED2,NOVA2,EML6,ZNF536,HAS2,KLHDC2,SOCS7,NXN,APP,ARL5B,CEP170,VEGFA,TGFBR1,ZNF680,INPPL1,UGCG,IFFO2,DAAM2,RPS6KC1,PPAT,DAB2,RNF152,SULF2,SNX25,USP34,SLK,HSPD1,PLCB1,SLC35F1,RGS7,USP37,YAP1,ZBTB5,ELAVL1,CDH13,LMNB1,ZFP36L1,SPTBN1,SPTLC2,ARSJ,PRPF3,CHN1,AXIN2,REV1,WDFY3,MYEF2,NRXN2,KHDRBS3,SMARCA4,HMX3,NKD1,KDM5B,MXI1,SLC30A1,PCGF5,RNF24,CTNNA2,SMAD4,PDZD8,FOXN3,GMFB,KIF5C
3	elemento-CGCCGCC	0.0668539	4.58873	M1		TAB2,BMPR2,PPP3CA,PTP4A1,PTEN,SOBP,NR4A3,JARID2,ZBTB2,TSC22D2,C2orf27A,ZNF503,LSM14A,EGR3,REV3L,MED12L,CNOT6L,PRKD3,NHS,MAML3,TLE3,KRAS,SEPHS1,AUTS2,ZNF711,JUNB,GATAD2B,UBE3A,PDE10A,SPRED1,EFNA3,PBX3,ZNF652,SLIT2,KCNK9,TSHZ3,ZNF521,ANKRD17,SAV1,ATL2,CTBP2,TTBK2,FZD7,WAC,IKZF5,KLF14,PDZD8,SLC44A5,STK39,CHIC2,EXT1,CCNI,CDK17,IRS1,BCL11B,SEMA6D,RORB,TSC22D1,SHROOM4,OTUD4,TUG1,ANKRD50,TSHZ1,SS18,FNDC3A,QSER1,ST6GALNAC5,EGR1,ESRRG,GAS2L3,PRR12,ZFAND6,ATXN1,ZNF618,NR4A2,REST,BRPF3,NAP1L1,LRRC4C,WNT11,ASTN1,NOTCH2,DDHD1,RELN,PEA15,LEF1,NFIX,ISM1,SIN3A,CTNNA2,LRP12,UST,PTPRS,TBX3,TMEFF2,GLI3,CBFB,TRIM28,RNF152,RC3H2,PRKD1,ZNF827,RFX7,SMCHD1,FGFR2,AFF3,ZNF536,CBL,SATB2,HNRNPH3,CPT1A,CHN1,FGF12,RFX3,HMX3,ANKRD12,CDK6,KLHDC2,BMPR1A,MARK1,INTS6,FLRT2,ERH,GNAI3,MAPK1,ELAVL1,SCAF1,LCOR,HERC1,IRF2,CLSTN1,GTF2A1,INPP4B,ARID1B,PFKFB3,YAP1,JMJD1C,RUNX2,LRP6,APP,LMNB1,SPRY4,EPC2,FGF9,CADM1,GFRA2,SESN3,NDE1,SMAD7,FN1,PPM1A,USP34,SV2C,TCF12,GATA3,GABPB1,ZFP36L1,CDH2,SLC7A1,FOXN3,SNX25,XPO1,CEP170,PPFIBP1,PIP5K1B,NOTUM,ELK1,MXI1,TLE1,NIN,HES1,HLF,DPYSL2,RBFOX2,RPS6KC1,ARSJ,EHBP1,ZNF462,PTBP2,MID1,INPPL1,ZNF148,LGR5,NFYA,DAAM2,SSBP4,TRAPPC6B,NXN,LIFR,KCTD1,SLC35F1,AMOT,RGS7,SPIN1,CCND1,FBN1,PTMS,FRMD6,PPP2R5C,DLL1,ZNF292,BMP4,DAB2,COL12A1,SOCS7,GNAZ,SMAD4,CDH13,KCNJ5,SPTLC2,SLC30A1,MTA2,PEAK1,HOXC10,GPSM2,ANTXR2,TOB1,JAG1,PDE5A,DUSP6,ZMYM2,FAM171A1,MLLT3,RORA,ANP32A,EML6,MAP4K5,PPP4R1,ETV1,SLK,KIF5C,NKD1,MAX,NRXN2,KLF3,UGCG,GAB2,WDFY3,DNAJB5,PCGF2,GJC1,FARP1,NETO2,SMNDC1,ORC4,ZNRF3,TOB2,TCF3,PLEKHA1,BUB3,SERPINE2,CHL1,ADARB1,HECTD2,STRN3,HAS2,RNF24,NFATC4,RPRM,ARL5B,FOXD1,NOB1,RAB30,ARID4A,PLCB1,ABI2,ZNF280D,CACNB2,ADAM10,NRP1,ZC3H4,SMAD2,HOXD11,FERMT2,EP300,SHOC2,DKK1,LAMC1,SPRED2,HECTD1,CTNNB1,VPS13A,DIP2C,HSPD1,ARHGAP42,NDEL1,PLD5,MTMR3,CHSY1,HERC4,PPP3R1,FBXL7,MYC,AXIN2,CGNL1,PDZRN3,MBOAT2,VCAN
4	hdpi-ODC1	0.0655709	4.42561	M1	ODC1	IRS1,BCL11B,TSC22D2,PPP3CA,NR4A3,HOXA11,AUTS2,JUNB,SV2C,BMPR2,JARID2,ETV5,ESRRG,TLE3,ZNF503,ZNF521,PTEN,HERC1,SPRY4,SEMA6D,TAB2,SLC44A5,TSHZ1,KCNK9,KLF14,CCNI,SEPHS1,C2orf27A,NR4A2,CDH2,EGR3,ARID4A,TTBK2,LRRC4C,TRIB2,REV3L,MAML3,ZBTB2,GABPB1,DUSP6,KRAS,ZNF462,MLLT3,SPRED1,HLF,LOC100287846,CDK17,FNDC3A,CTNNB1,COL12A1,TSHZ3,DPYSL2,EPC2,ZNF711,TSC22D1,SPRY2,RFX7,CTNNA2,EXT1,ATXN1,RUNX2,TBX3,CEP170,MYC,RBFOX2,PRRX1,RORB,TUG1,PRR12,SLIT2,EFNA3,SOBP,SATB2,CTBP2,PDE10A,FGF9,HDAC2,SPTBN1,ARID5B,ZNF618,ENC1,WDFY3,FBN1,SMCHD1,FLRT2,ZNF652,ADARB1,SPRED2,GLI3,QSER1,SHROOM4,ZNF536,ANKRD12,CDC42EP3,TLE1,KCTD1,ORC4,REV1,DIP2C,SESN3,RFX3,PIP5K1B,NRP1,SIN3A,NAP1L1,LIFR,ZNF827,PLCB1,JAG1,NETO2,SMAD4,CSRP2,FERMT2,NFIX,ASTN1,ANKRD50,AFF3,LRP6,PLEKHA1,CPT1A,JMJD1C,FOS,PBX1,CADM1,UBE3A,OTUD4,MBOAT2,GTF2A1,PTP4A1,ATP1B2,ZMYM2,MED12L,TASP1,LGR5,BRPF3,NDE1,UST,ETV1,HNRNPH3,SLC35F1,FZD7,LCOR,ZFAND6,CDK6,TET1,SLC12A2,DDHD1,AMOT,RNF152,PBX3,AGTR1,PLD5,EHBP1,FGF12,SYNE1,LDB2,TCF3,SMAD7,HAS2,NTM,CNOT6L,PPFIBP1,IRF2,PPM1A,ZNF148,ATL2,NRXN2,AHNAK,INTS6,UGGT1,FOXN3,LAMA2,BMP4,REST,DACH1,YAP1,MXI1,DNM3,VCAN,FRMD6,ZFP36L1,TNFRSF19,SV2A,DAB2,CNTN6,SYTL2,PEAK1,MID1,TCF12,DCN,KLF3,EML6,ANP32A,KLHDC2,PRKD1,APP,PPP3R1,RGS7,DUSP5,RAB30,LSM14A,NOTCH2,MAPK1,MCC,XPO1,KIF5C,CWF19L1,SCAF1,TMEFF2,SSBP4,GFRA2,INPP4B,FGFR2,RPRM,GPR3,VSNL1,RORA,GATA3,PRKD3,KLHL5,LRP12,LEF1,CHSY1,SPIN1,GAS2L3,TET2,SAP130,SLC39A10,NOVA2,CCND1,SULF2,ZNF292
5	transfac_pro-M02036	0.0633296	4.14068	M2	WT1,EGR1,EGR3,EGR2,EGR4	EFNA3,KCTD1,LRRC4C,TSHZ1,EGR3,ETV4,SPRY2,TSHZ3,SPRED1,ARID5B,ZFP36L1,ST3GAL5,TLE3,MAML3,AUTS2,JUNB,ZNF521,CADM1,FKBP10,BCL11B,TBX3,PRR12,EGR1,RORA,CASZ1,ETV1,LTBP4,BMP4,OLFM2,COL1A1,ABI2,LEF1,RSF1,VGF,SEMA6D,ESRRG,ZNF827,TCF3,AMOT,ZNF618,PCGF2,DCN,TET2,FCHSD2,ANP32A,COL11A1,TRPM3,FGF9,CGNL1,SATB2,NFIC,BMPR1A,SIN3A,LDB2,RUNX2,KANK2,NR4A2,PRRX1,NOVA2,TAB2,HOXD11,NRXN2,CACNB2,ANKRD50,RBFOX2,CSRP2,SLIT2,AXIN2,SMAD7,CTBP2,NAB2,RBPMS2,ORC4,FGF12,GLI3,HES1,NR4A3,NFATC4,MXI1,JAG1,RFX3,ZNF462,DNAJB5,CTNNB1,KCNJ5,QSER1,DACT3,DPYSL2,VEGFA,VCAN,MGA,INPPL1,TSC22D1,PTPRF,RCOR1,PRKD1,SV2A,CNTN6,HLF,FSCN1,ETV5,MAPK1IP1L,NLK,ATXN1,FLRT2,PPFIBP1,CCNI,ZC3H4,MID1,KLF3,PLEKHA1,DUSP6,COL12A1,RNF152,GNL1,SPRED2,FOXN3,LAMC1,BRWD3,REST,REV3L,ZNF292,XPO1,FRMD6,ZNF148,ANO4,SEPHS1,HAS2,WNT11,AHNAK,JMJD1C,PPP3CA,ABR,CDH2,SESN3,SLC44A5,MLLT3,CNOT6L,FBXO34,TRIM28,BGN,NMT2,TSPAN14,PFKFB3,TOB1,SPTBN1,ZNF536,TTBK2,LRP12,PBX3,CDC42EP3,TOB2,EFNB1,FNDC3A,PIP5K1B,SOCS7,PPM1A,ACTN1,KIF5C,C2orf27A,PTPRS,CDH13,FMNL2,NTM,FBXL7,SULF2,APCDD1,SEMA4G,ARID1B,KLHL5,UBE2QL1,ZBTB2,SBK1,EPC2,BRPF3,ELAVL1,PDE10A,TCF7L2,NXN,UBE3A,DLL1,HOXC10,ASXL1,INPP4B,WWTR1,ASTN1,TCF12,CCND1,HMX3,KRAS
6	hdpi-RBBP9	0.0632804	4.13441	M3	RBBP9	GLI3,SEPHS1,TCF12,NR4A2,RFX3,ZNF521,PDE5A,SATB2,PBX3,CTBP2,CDK6,LDB2,ANKRD12,NETO2,DACH1,CTNNB1,CDH2,LAMC1,SESN3,RELN,ETV1,HAS2,TLE1,FN1,RFX7,JMJD1C,TSC22D2,TAB2,CA2,HNRNPH3,FRMD6,KLF14,ESRRG,RAB11FIP2,SLIT2,TSC22D1,ETV5,RUNX2,RORA,RC3H2,FOXN3,SPRED1,SMAD4,TCF7L2,SGCE,ZNF827,SHOC2,CREBZF,CCND1,USP3,REV3L,BRPF3,YAP1,GABPB1,AMOT,FZD7,TNFRSF19,DCN,PBX1,ZFP36L1,SMNDC1,MXD1,GAS2L3,COL11A1,NAP1L1,AFF3,C2orf27A,COL8A1,SPRY2,ZBTB2,PTP4A1,LTBP1,INTS6,KCTD1,NBEAL1,CDK17,PHLDA1,ARID5B,CHN1,HERC4,QPCT,MLLT3,SMAD2,MIR3120,PRKD3,FLRT2,CNTN6,STRN3,FGFR2,MYLIP,TRPM3,USP34,AGTR1,ZNF462,EDNRB,TOB1,ATXN1,FNDC3A,TBX3,LEF1,KLHL5,TMTC1,COL6A3,TLE3,AXIN2,MID1,ZC3H4,REST,CACNB2,TTBK2,SLC39A10,NHS,HECTD2,INPP4B,ORC4,CASZ1,PRRX1,CNOT6L,ADAM10,ZNRF3,ZNF280D,LGR5,SPTLC2,ARHGEF12,ANKRD17,TET2,ASB4,TJP1,RBFOX2,PPFIBP1,UBE2Q2,PPP2R5C,UBE3A,GTF2A1,SLC30A1,ZNF292,SOBP,CADM1,ARPC2,RORB,ARID4A,ARID1B,BMPR1A,SMAD7,MERTK,EP300,SEMA6D,PLEKHA1,KDM5B,SPTBN1,DLC1,LRRC4C,TSHZ1,UTRN,PDZD8,PEAK1,BUB3,TNFAIP3,LPL,MAML3,LAMA2,NRP1,PTEN,TET1,EXOC5,ZNF618,KLF3,COL12A1,QRFPR,OTUD4,HES1,HOXA11,NPNT,ZNF280C,VSNL1,PTPN9,AMOTL1,DPP10,CLSTN1,PDE10A,STK24,NMT2,FGF9,PRKD1,JARID2,FBXL7,MCOLN3,RCOR1,RPRM,NDE1,CDC42EP3,VCAN,CCNI,TMEM108,ARHGAP32,BCL11B,GDF10,BMP4,PITPNB,SV2C,PPP3R1,KCNJ5,NKD1,NIN,CHL1,ENC1,CLDN2,SOCS4,ERN1,MARK1,VIM,IRF2,STK39,FERMT2,ASXL1,CREM,DKK1,DUSP6,DLL1,ACTN1,CSNK1G1,KLHL28,TM9SF3,SMS,TIAL1,CHIC2,TMOD3,AUTS2,PPM1A,CTDSPL2,TTC5,LMNB1,TSPAN7,FBN1,SIAH2,CTHRC1,KIF5C,CGNL1,CHRNA5,DAAM2,KHDRBS3,RNF152,EPC2,SUV39H2,B3GALNT2,MBOAT2,ISM1,PDZRN3,SPRED2,EXT1,PTAR1,MCF2,SRSF1,ARHGAP42,EML6,PLD5,ANTXR1,GATA3,SULF2,RASSF3,CTNNA2,LRP12,WNT11,INVS,DAB2,LCOR,EIF2S1,UBE2QL1,PCP4,ADAMTSL1,HS3ST5,PPP4R1,TRIB2,MYEF2,FBXO34,TMEFF2,TACC1,ZNF503,SPIN4,NLK,ARL5B,MYC,SLC12A1,JAG1,NXN,PPP3CA,MCC,SAV1,FAM169A,GREB1,NFYA,NOTCH2,MAPK1IP1L,WWTR1,PCGF5,KCNK9,IRS1,ZC3H11A,AKAP5,QSER1,SLC44A5,CLDN1,SLC7A1,FMNL2,RBPMS2,NFIX,MGA,RGS7,BMPR2,ST6GALNAC5,ABI2,INPPL1,RBM7,ANTXR2,SYTL2,EHBP1,DACT1,LIFR,MXI1,GTF3C4,BICC1,BAG5,ST3GAL5,ZNF711,LSM14A,ZNF652,GATAD2B,GPSM2,NR4A3,RAPH1,ZC3H14,ZMYM2,PDE7B,MAX,WDFY3,ZFAND6,KCNK2,ERH,RAB30,NTM,IKZF5,HOXD11,SPIN1,WAC,PIKFYVE,KRAS,MIR3662,RPS6KC1,HECTD1,PTBP2,FARP1,ARHGAP12,TSHZ3,ANKRD50,GAB2,ZNF536,USP37,SLC35F1,PCGF2,MYADM,RNF217,ZNF609,SIN3A,TDP1,SPOCK1,PLCB1,UBA2,UAP1,RNF24,SLC12A2,PGM5,WIF1,ANKRD44,CBL,HDAC2,PI4K2A,XPO1,PPAT,YME1L1,SMYD2,LAMC3,PIP5K1B,DCBLD2
7	transfac_pro-M01057	0.0628533	4.08012	M1		TAB2,BMPR2,PPP3CA,PTP4A1,SOBP,NR4A3,JARID2,PTEN,ZBTB2,LSM14A,TSC22D2,C2orf27A,ZNF503,EGR3,REV3L,MAML3,PRKD3,TLE3,MED12L,KRAS,CNOT6L,NHS,SEPHS1,FZD7,ST6GALNAC5,ZNF711,SAV1,PDE10A,AUTS2,SEMA6D,ZNF536,ZNF521,CTBP2,ANKRD17,ATL2,CHIC2,SLIT2,UBE3A,RORB,PBX3,SHROOM4,OTUD4,WAC,IKZF5,EXT1,KLF14,BCL11B,KCNK9,TSC22D1,JUNB,CCNI,ZNF618,IRS1,FNDC3A,TUG1,STK39,EFNA3,ESRRG,TSHZ1,TSHZ3,GATAD2B,ASTN1,ERH,TTBK2,REST,PRKD1,PDZD8,CDK17,GAS2L3,ZFAND6,SPRED1,SS18,JMJD1C,ZNF827,SIN3A,ISM1,ANKRD50,NFIX,GABPB1,NAP1L1,DDHD1,ATXN1,EGR1,CTNNA2,RNF152,LEF1,SLC44A5,SATB2,NXN,WNT11,NR4A2,QSER1,BRPF3,UST,CBL,INPP4B,TMEFF2,TRIM28,TBX3,CHN1,ZNF652,PEA15,SMCHD1,RFX3,GTF2A1,PTPRS,PIP5K1B,RELN,KLHDC2,AFF3,BMPR1A,LRP12,HERC1,PRR12,APP,PTMS,IRF2,CDK6,CCND1,CBFB,CLSTN1,ANKRD12,NOTCH2,FGF12,RFX7,LRRC4C,FLRT2,GNAI3,XPO1,PFKFB3,ANTXR2,HAS2,SLC7A1,USP34,GFRA2,FGF9,AMOT,RC3H2,JAG1,MAPK1,CPT1A,FARP1,SV2C,LCOR,INTS6,LIFR,SLC30A1,FN1,MARK1,FOXN3,SPRY4,DACT1,GLI3,NOTUM,LGR5,SMAD7,ELAVL1,DPYSL2,TCF12,ZNF292,ARID5B,RUNX2,NOB1,SNX25,YAP1,HMX3,ARID1B,DAB2,RGS7,NLK,PTBP2,FGFR2,NETO2,CACNB2,GATA3,ARSJ,SMAD4,EHBP1,NIN,PPFIBP1,SESN3,RORA,EPC2,RPRM,ASXL1,INPPL1,TRAPPC6B,KCTD1,SCAF1,COL12A1,TLE1,SLC35F1,SPIN1,ZNF148,LMNB1,RBFOX2,NFYA,SSBP4,ZFP36L1,PPM1A,LRP6,ELK1,PPP2R5C,DAAM2,ANP32A,ORC4,RPS6KC1,NDE1,MAP4K5,MID1,UGCG,PCGF5,SMNDC1,ARID4A,KIF5C,CTNNB1,DLL1,GPSM2
8	homer-M00269	0.062846	4.07919	M2	NFYC,POLE4	MAML3,ARID5B,AUTS2,TLE3,LRRC4C,ANP32A,MLLT3,ZNF462,ABR,TSHZ3,ESRRG,SPRY2,GLI3,ZC3H4,VGF,JUNB,AXIN2,TBX3,FN1,CTBP2,BCL11B,RCOR1,NHS,ZFP36L1,ZNF521,HERC1,PCGF2,APP,KCTD1,CCNI,CASZ1,ETV1,COL12A1,HLF,AMOT,TSHZ1,SATB2,KIF5C,XPO1,FERMT2,SV2A,DIP2C,RORA,ZNF618,PLEKHA1,NRP1,TCF3,SPRED2,AHNAK,RBPMS2,BMP4,EGR3,NOVA2,PRKD3,ZNF827,IRS1,RBFOX2,FSCN1,CDH2,OTUD4,MID1,RSF1,ETV5,HOXA11,COL11A1,SIN3A,ZC3H11A,CNOT6L,SLC44A5,MBOAT2,SPRY4,NR4A3,SEPHS1,FZD7,SMAD7,CSRP2,CADM1,SV2C,COL1A1,NR4A2,MGA,ATXN1,ORC4,SPRED1,KLHL5,AKAP5,TOB2,MYC,NPAT,PLCB1,MXI1,SLIT2,FOXN3,CNTN6,USPL1,C2orf27A,PBX3,HAS2,FLRT2,SEMA6D,FBN2,LEF1,SLC35F1,ETV4,AFF3,KRAS,PNMA2,KCNK2,SPTBN1,RALGAPA1,FNDC3A,SCAF1,LDB2,ARID1B,PBX1,NDE1,ZNRF3,DKK1,ASTN1,BMPR1A,UBE3A,TET2,HERC4,INPP4B,VIM,PPFIBP1,VCAN,CTNNB1,EPC2,PRRX1,ABCB4,NRXN2,DACH1,HOXC10,FBXL7,EML6,SLC7A1,TMOD3,KCNK9,FRMD6,KANK2,PIP5K1B,EFNA3,DTX3,FGF9,DAAM2,CACNB2,TRIB2,DCUN1D4,RNF24,DNM3,RFX3,YME1L1,TCF12,HNRNPH3,EGR1,SORBS1,GABPB1,SMAD4,FKBP10,ANTXR1,FBXO34,UBE2Q2,PTP4A1,DCN,NIN,RUNX2,SAV1,FMNL2,CHL1,DACT1,TLE1,DLL1,TNFRSF19,PLD5,KCNJ5,PDE10A,ZNF148,GAS2L3,QSER1,GATA3,SHROOM4,EP300,LCOR,PEA15,TSPAN7,BRPF3,TSC22D1,PRR12,CHD8,REV1,CSNK1G1,TCF7L2,TMEM184C,TASP1,ZNF292,SLC39A10,INTS6,FGF12,TACC1,ZNF503,AQP7,SNX6,SYNE1,ZFAND6,CCND1,NETO2,USP3,ATP1B2,EIF2S1,EXT1,SMAD2,DPYSL2,PIKFYVE,FGFR2,LAMC1,SEMA4G,UTRN,DPP10,BMPR2,FARP1,RAI1,TET1,ZMYM2,VSNL1,ABI2,SESN3,KLF3,FAM169A,TAB2,REV3L,PPP4R1
9	homer-M01545	0.0619152	3.96085	M2	EGR1	LRRC4C,JARID2,ZNF521,NR4A3,KRAS,SEPHS1,TSHZ3,ESRRG,SEMA6D,PTP4A1,BCL11B,INTS6,CTBP2,AUTS2,ZBTB2,RFX3,PPP3CA,SOBP,RORB,NLK,TUG1,SMAD4,CSRP2,ZNF652,TJP1,ZNF462,CDK17,HMX3,PDE10A,AMOT,ZNF618,SHROOM4,WAC,SIN3A,BRPF3,GLI3,EXT1,NRXN2,MBOAT2,PTEN,MGA,HERC1,JUNB,NR4A2,BMPR2,LGR5,TET2,MAML3,ZNRF3,TBX3,AXIN2,CASZ1,TLE3,NOTUM,PIP5K1B,SPRY2,BMPR1A,STK39,C2orf27A,INPPL1,KLF14,QSER1,NDE1,TSC22D1,ZFAND6,TSPAN14,ISM1,TCF3,SLC7A1,CCNI,DUSP6,GABPB1,SATB2,FGF12,INPP4B,HES1,CTNNB1,PRKD3,SV2A,ANP32A,EGR3,MTMR3,RHBDL3,ELAVL1,TOB2,GATAD2B,ARID5B,DACT1,NHS,ARID1B,USP34,DLL1,PPM1A,NFYA,SPRED2,FNDC3A,TET1,PBX3,ATXN1,ORC4,COL1A1,TAB2,ZNF680,REV3L,UST,KLHL5,CDH2,FRMD6,FBN1,HAS2,VCAN,ZNF503,RNF152,ATL2,MXI1,ZNF292,ETV5,TSHZ1,USPL1,NRP1,FLRT2,MED12L,RAB11FIP2,KCTD1,USP3,PTPRS,ZNF827,FN1,SLIT2,UAP1,TLE1,SOCS7,CREM,RNF24,SMAD2,HOXC10,PPFIBP1,RUNX2,PLEKHA1,FOXN3,CGNL1,FGF9,CDK6,LAMC1,SESN3,KIF5C,NTM,ZNF536,TCF7L2,RORA,SULF2,KLF3,SORBS1,CBL,SLC35F1,ABI2,PRKD1,EGR1,YME1L1,PRRX1,DKK1,EIF2S1,ARL5B,ZFP36L1,SPRY4,PCGF5,NDEL1,CDC42EP3,RBPMS2,ADAM10,NAP1L1,MID1,AHNAK,PLD5,FBXL7,ZC3H4,STRN3,ABR,MLLT3,TNFRSF19,MARK1,APP,FOXL2,ACTN1,CNTN6,UGCG,UBE3A,KCNK9,LSM14A,DPYSL2,CPT1A,SCAF1,MYEF2,WWTR1,VGF,EPC2,LEF1,SMAD7,NETO2,TNFAIP3,KCNJ5,ADARB1,ENC1,RAPH1,RELN,CCNY,FBXO34,FAM169A,CDH13,DCN,FERMT2,WNT11,TACC1,CNOT6L,SLC44A5,TIMP3,UTRN,LTBP1,SMNDC1,SMARCA4,BRWD3,ZNF148,JAG1,LCOR,CCND1,SAV1,ANTXR1,KDM5B,ASTN1,TRAPPC6B,REST,TTBK2,TSC22D2,FMNL2,GREB1,ETV4,IKZF5,CTDSPL2,CHSY1
10	transfac_pro-M00695	0.0618841	3.95691	M1		IRS1,TSC22D2,ZMYM2,TSC22D1,SIN3A,AUTS2,SATB2,TAB2,PPP3CA,RC3H2,STK39,CCNI,SPRED2,KRAS,BRPF3,ABI2,ORC4,ZC3H4,COL1A1,ZNF521,JUNB,ZBTB5,NLK,RSF1,MAML3,SV2C,PBX1,LRRC4C,ARID4A,PRR12,PDE10A,XPO1,HERC1,ZBTB2,FNDC3A,BMPR2,SPRED1,EFNA3,INTS6,PTEN,SV2A,BCL11B,SEPHS1,TSHZ3,RGS7,REV3L,NOTCH2,PCGF2,IRF2,CTBP2,TTBK2,EPC2,ZNF652,UST,COL11A1,GATA3,CDK17,PDE2A,RORB,ARID5B,TLE3,FGF9,CDK6,EGR3,ATXN1,SOBP,HNRNPH3,KCNK9,KANK2,ISM1,ESRRG,ANKRD50,MED12L,TCF3,DIP2C,SPTBN1,FLRT2,PRKD3,PBX3,BMPR1A,ZNF711,FRMD6,DLL1,CTNNA2,TET2,NOTUM,NR4A3,ETV1,NRXN2,SEMA6D,STRN3,ZFAND6,CADM1,UBE3A,SLC44A5,PEA15,TCF12,JAG1,SOCS7,GTF2A1,SPRY2,LCOR,MTMR3,ZNF148,TBX3,AXIN2,CNOT6L,PPM1A,EGR1,JARID2,ANP32A,WWTR1,NFATC4,LEF1,ZNF462,VCAN,SLIT2,KLHL5,DUSP6,INPPL1,ZNF292,CDH2,DACT3,RNF24,RUNX2,ZNF827,SHROOM4,NR4A2,PGR,KIF5C,IER2,CREM,POLDIP3,SSBP4,RCOR1,TLE1,SMAD7,BMP4,HOXD11,GATAD2B,NAP1L1,RORA,HOXC10,MXI1,DAAM2,NRP1,GLI3,WNT11,C2orf27A,UGGT1,COL12A1,NIN,GABPB1,KCTD1,UTRN,CPT1A,ZNF503,NHS,APP,SLC44A2,WDFY3,TSHZ1,FZD7
11	transfac_pro-M01219	0.0606887	3.80493	M2	KLF5,SP2	ORC4,RORA,LRRC4C,EFNA3,TSC22D1,ZNF521,PRR12,MAX,RSF1,CASZ1,AUTS2,JUNB,COL1A1,PCGF2,DACT3,VGF,BCL11B,NLK,TAB2,SIN3A,SPRY2,ANP32A,TOB2,ZBTB5,LEF1,SV2A,ZMYM2,TCF3,ETV1,KANK2,ZNF462,SPRED2,TSHZ3,MAML3,ESRRG,ARID5B,PBX1,TSHZ1,BMP4,SMAD7,FKBP10,PEA15,DTX3,ABI2,IRS1,ZBTB2,TBX3,ZNF618,EFNB1,NR4A2,COL11A1,TLE3,NFIC,RUNX2,CTBP2,MXI1,LDB2,BMPR2,ZC3H4,SATB2,GATAD2B,UST,BRPF3,CADM1,JARID2,WNT11,TCF7L2,CTNNB1,MLLT3,SEMA4G,ATXN1,SPRY4,SPRED1,FNDC3A,SEPHS1,ZNF827,NRXN2,PPFIBP1,RORB,SBK1,ETV5,XPO1,STK39,RCOR1,RBFOX2,QSER1,REV3L,AXIN2,ZFP36L1,KIF5C,PRRX1,AMOT,KCTD1,NAB2,HMX3,SMAD4,PRKD2,FN1,SESN3,NFATC4,DCN,FLRT2,PIP5K1B,MYC,FRMD6,GLI3,ACTN1,MBOAT2,TASP1,PBX3,EPC2,DNM3,SLC44A5,YAP1,PTPRS,ETV4,HES1,PDE10A,KLHL5,FGF9,RFX3,RAPH1,CACNB2,KCNK9,PTP4A1,SEMA6D,SV2C,WWTR1,SORBS1,HOXD11,FSCN1,SSBP4,TTBK2,KRAS,INPPL1,RNF24,CSRP2,RNF152,NRP1,LAMC1,EGR1,NR4A3,HOXC10,ZNF292,APP,HECTD2,CDC42EP3,TRAM2,ZNRF3,GNL1,BGN,PGR,C2orf27A,GATA3,RFX7,UTRN,HERC1
12	transfac_pro-M01873	0.060539	3.7859	M2	EGR1,EGR3,EGR2,EGR4,WT1	LRRC4C,ABI2,EFNA3,TSHZ3,KCTD1,NAB2,PRR12,BCL11B,ETV4,ESRRG,JUNB,VGF,TSHZ1,SPRY2,HMX3,ZNF521,ST3GAL5,ORC4,LEF1,MXI1,EGR1,NR4A3,PEA15,BMP4,CASZ1,CSRP2,HES1,JARID2,TCF3,ARID5B,MAML3,FKBP10,NR4A2,SMAD7,SEMA6D,ZNF618,ZNF462,AUTS2,FNDC3A,ZFP36L1,COL11A1,FLRT2,INPPL1,DCN,CDK17,RBFOX2,KANK2,DACT3,GLI3,FGF12,CTNNB1,GATAD2B,ETV1,AMOT,ZNF827,CACNB2,EGR3,QSER1,BRWD3,TLE3,SESN3,SEPHS1,SV2A,FGF9,PPM1A,ANP32A,JAG1,CTBP2,FBXL7,SLIT2,DNAJB5,CGNL1,CADM1,TBX3,AXIN2,NFATC4,TAB2,KLHL5,FRMD6,COL1A1,UTRN,HAS2,KLF3,VEGFA,PLEKHA1,LTBP4,SLC44A5,MED12L,REV3L,SIN3A,ZNF292,PTP4A1,NFIC,PPFIBP1,GAB2,LDB2,RNF152,BRPF3,SATB2,TET2,EPC2,SEMA4G,MGA,PBX3,BMPR1A,DLL1,NRXN2,SHROOM4,PCGF2,RSF1,FOXN3,CNTN6,RORB,ATXN1,OLFM2,DPYSL2,USP3,RORA,SPRED1,SPRED2,RFX3,MID1,DACH1,MYADM,PRRX1,RNF24,YAP1,PIP5K1B,CCNI,WNT11,JMJD1C,DUSP6,UBE2QL1,NXN,CCND1,DAAM2,IFFO2,MLLT3,PFKFB3,ZMYM2,TTC7B,ZBTB5,FCHSD2,TRPM3,SULF2,C2orf27A,TOB2,WWTR1,SORBS1,ZBTB2,SLC39A10,APCDD1,TET1,RUNX2,KIF5C,ABR,ELAVL1,TCF7L2,VCAN,FBXO34,SMAD4,GAS2L3,TSPAN7,INPP4B,NDE1,COL12A1,ANGPTL4,ZNF652,MBOAT2,FZD7,NRP1,PPP3CA,DACT1,TSPAN14,CHD8,HOXC10,ETV5,YME1L1,CDC42EP3,ZNRF3,BGN,DCUN1D4,NDEL1,ADARB1,ZNF536,NOTUM,TLE1,UBE3A,HECTD2,FGFR2,ANKRD50,GATA3,TMEM184C,NOTCH2,ANO4,CPT1A,HOXD11,SLC22A17,PRKD1,LAMC1,XPO1,TSC22D1,ASXL1,FERMT2,KDM5B,NTM,CDH2,ZNF609,UST,SNX25,EFNB1,TMOD3,USP34,TACC1,NMT2,RAB11FIP2,ARL5B,ZFAND6,TJP1,NIN,HERC1,VPS13A,AKAP5,LRP12,ANTXR1,PTMS,NKD1,LIFR,FMNL2,DKK1,NFYA,PTPRS,GABPB1,SOBP,RHBDL3,RBPMS2,GTF2A1,ACTN1,SLC7A1,ZNF680,RCOR1,ZNF148,PDE10A,AHNAK,AFF3,CDH13,EP300,ASTN1,UAP1,ADAM10,MYC,PTPRF,CREM,KDM4B,NOSTRIN,OTUD4,SMNDC1,USPL1,BTAF1,GREB1,GNL1,SPTBN1,CTHRC1,SV2C,KLC1,SLC22A3,DAB2,PIAS3,NAP1L1,SS18,TOB1,QPCT,NLK,RAPH1,NR5A1,CCNY,ARID1B,AMOTL1,SH3BP4,RASSF3,SPRY4,CD83,INTS6,STK24,RAB30,PBX1,TASP1,ADAM17,NETO2,TUG1,VSNL1,GNAZ,IQSEC1,LRRC17,CSNK1G1,EML6,FAM169A,RFX7,SSBP4,ZC3H4,KCNJ5,ZNF711,MAPK1IP1L,ZC3H11A,ZBED6,LAMA4,IRF2,LPL,FBN1,CHIC2,SMAD2,BMPR2,DNM3,C3orf70,CLDN2,COL18A1,TIAL1,APP,SLC23A2,MCC,NHS,GK,USP37,SBK1,ENC1,DCBLD2,CNOT6L,FN1,IRS1,ANKRD17,RC3H2,SMYD2,MCOLN3,SOCS7,TNKS2,BNIP2,TNS1,SLC35F1,MTHFD1,RELN,TTC3,ATL2,PDE2A,TSC22D2,PPP2R5C,FAM107A
13	hdpi-OTUD4	0.0599203	3.70724	M4	OTUD4	NLK,PRRX1,TBX3,ESRRG,TSC22D1,HOXC10,ZNF521,PCGF2,ANP32A,ZC3H4,JARID2,SATB2,HAS2,FN1,MAML3,DACH1,VGF,AUTS2,DLL1,SPRY2,SIN3A,EGR3,ORC4,NRP1,ZMYM2,BMP4,PRR12,ZFP36L1,TLE3,ZNF827,TCF3,CCND1,RUNX2,BCL11B,RSF1,KCTD1,HOXD11,SMAD7,TET2,COL1A1,UGGT1,ABCB4,TCF7L2,AFF3,HOXA11,EGR1,PBX1,NR4A2,FLRT2,CASZ1,HNRNPH3,LRRC4C,TSHZ3,VCAN,VEGFA,GLI3,SPRED1,GPR3,ARSJ,RORA,EFNA3,CADM1,SEMA6D,HERC1,BRPF3,MYC,QRFPR,APP,ARID5B,LGR5,SV2C,DLC1,PTMS,ZNF711,UTRN,XPO1,LEF1,IRS1,CGNL1,BMPR2,ETV1,ZNF148,ZNF536,TMEM108,AMOT,DPYSL2,ZNF462,MAZ,NRXN2,GATA3,FANCC,PCGF5,CTBP2,UST,PEA15,REV1,DUSP6,PLEKHA1,MID1,SV2A,SLC44A5,LTBP1,CDK17,NR4A3,CDK6,FOXN3,RAB30,EFNB1,TACC1,TAB2,WWTR1,GJC1,CTDSPL2,LAMC1,PTPRS,TSHZ1,DGKA,SEPHS1,LRRC38,RBFOX2,SMAD4,FZD7,CTNNB1,ARID1B,COL12A1,DPP10,CLDN2,MCC,CPSF2,NOVA2,ABI2,YAP1,KIF5C,SLC16A2,AGTR1,IER2,COL8A1,RCOR1,FRMD6,GAB2,CACNB2,DCN,PPFIBP1,SPRED2,UBE3A,CHL1,RBPMS2,ZNF292,ASTN1,DIS3,TIMP3,RGS7,CCNI,FOXD1,CNOT6L,GAS2L3,TEX10,BRWD3,FNDC3A,TNFSF4,SYNE1,RPRM,KCNK2,TTBK2,RFX3,ETV5,NHS,BGN,ARPC2,BMPR1A,GATAD2B,JRKL,KCNJ5,ABCE1,TNFRSF19,EDNRB,SHOC2,LRP12,PIP5K1B,NKD1,UGCG,REV3L,DAB2,GTF2A1,EHBP1,ARHGAP32,XRCC5,PTP4A1,PEAK1,CLDN1,HES1,RAPH1,RASSF3,PGM5,IGFBP6,FKBP10,ZC3H11A,SULF2,KLHL5,C2orf27A,SLC39A10,AHNAK,TCF12,REST,JUNB,MXI1,PCOLCE,TET1,VIM,COL11A1,GPSM2,TEC,ANTXR1,FCHSD2,HDAC2,MGA,FBN1,NETO2,FERMT2,KHDRBS2,CAMK1,TRPM3,NXN,TOB2,PNMA2,NDE1,CSNK1G1,SESN3,PBX3,SRSF1,IRF2,EPC2,OTUD4,EP300,PIAS3,LAMA4,ZNF618,PDE10A,KDM5B,FARP1,MED12L,CPT1A,ZNF503,PRELP,DTX3,TM9SF3,TOB1,TLE1,DCBLD2,ATE1,CHD8,WNT4,TNFAIP3,DACT1,TSPAN14,FOXL2,ASXL1,PIKFYVE,STK24,CSRP2,PSME2,MBOAT2,PIAS2,FBXO34,AKAP5,MYEF2,TSPAN7,DAAM2,SORBS1,FBXL7,JAM2,AMOTL1,VSNL1,RELN,PPM1A,TJP1,USP34,PAPOLG,INTS6,PLCB1,USP3,DNM3,PDE2A,NIN,SLK,ACTN1,SOCS7,KCNK9,INPP4B,DCUN1D4,FMNL2,RFX7,SLIT2,NAB2,USPL1,SBK1,LPL,UBA6,ZFAND6,EXT1,SMCHD1,CD83,KIF16B,CTNNA2,TMTC1,EML6,NPNT,SMS,LDB2,FGF12,COL6A3,AXIN2,PPP4R1,CTHRC1,KANK2,KLF3,QSER1,FOS,OLFM2,CDH2,NPPC,GABPB1,DKK1,PPP3R1,MLLT3,SMNDC1,TRAM2,SOAT1,FGFR2,TNS1,NDEL1,CLSTN1,SPRY4,ZNF652,DNAJB5,SRSF12,RNF152,ZBTB5,SMARCA4,AQP9,KRAS,ANKRD17,MOXD1,NOTCH2,HECTD2,APCDD1,SOBP,STK39,TMEFF2,CDKL1,CHSY1,ZBTB2,PTPRE,FBN2,EXOC5,PRKD2
14	flyfactorsurvey-exd_FlyReg_FBgn0000611	0.059705	3.67986	M5	PBX3,PBX2,PBX1,PBX4	BCL11B,ZNF521,TBX3,ZNF503,SEPHS1,ZFP36L1,JARID2,ZNF618,CCND1,ZC3H4,FMNL2,TLE3,PPP3CA,FOXL2,CTBP2,LRRC4C,IRF2,SMAD7,CDK17,WNT11,CASZ1,MXI1,FBN1,SIN3A,SPRY2,SLIT2,MLLT3,ATXN1,YAP1,NKD1,NR4A2,LMNB1,PRRX1,TCF7L2,ZNF462,ETV4,LDB2,ASXL1,SATB2,ESRRG,STK24,DUSP6,SLC23A2,ZNF652,NR4A3,ANP32A,DEPDC5,BMP4,ARID1B,KLHL5,AQP7,ZNF536,HNRNPH3,COL6A3,SPRED2,GPR3,CHSY1,RFX3,FERMT2,AHNAK,RUNX2,TRPM3,MAML3,AXIN2,TLE1,FLRT2,HOXC10,RORB,NR5A1,ADARB1,STK39,TET1,DLL1,KDM4B,CNOT6L,ORC4,AMOT,SPRY4,TOB1,LAMA2,SOBP,TAB2,TSHZ3,NHS,REST,ZDHHC20,NTM,PPFIBP1,FRMD6,NDE1,CPT1A,TOB2,NAP1L1,ARID5B,MARK1,LGR5,SSBP4,MCC,DACH1,WWTR1,TMTC1,SPTBN1,NXN,PLCB1,FZD7,TMOD3,CHL1,SULF2,AUTS2,MYADM,TET2,PCGF2,CDK6,ISM1,SLC19A1,ZFAND6,TSPYL4,PHLDA1,ZNF827,CHN1,GATAD2B,FEM1A,KCNK9,SOCS7,PDZRN3,CLSTN1,SLK,UGCG,CGNL1,UST,NID2,BMPR1A,VEGFA,GATA3,KLF3,FOS,PBX1,MGA,TTBK2,RAI1,GABPB1,MID1,HLF,CTNNA2,ZMYM2,HERC1,ENC1,DAB2,SH3BP4,PTPRS,TNS1,OTUD4,SMNDC1,ERN1,VIM,CACNB2,INPPL1,EFNA3,NLK,HERC4,KIF5C,NETO2,HECTD2,IRS1,NPNT,RNF24,ATL2,RNF217,TCF3,KCNK2,SMAD4,SMS,JAG1,FOXN3,GLI3,BMPR2,HTRA1,TMEM108,SLC7A1,GREM2,QPCT,KLC1,ARHGAP42,DNAJC10,RNF152,RBPMS2,DAAM2,FGF12,SEMA6D,CADM1,FGF9,TACC1,ADAM10,CDH2,AFF3,COL1A1,PIAS3,PRKD1,BICC1,USP3,RPRM,DHX9,SLC39A10,NRP1,KCTD1,DLC1,KCNJ5,TSHZ1,TRIB2,LEF1,AGTR1,DOC2B,COL8A1,NFIX,PIAS2,PPP3R1,ZBTB2,PPP2R5C,FARP1,BRPF3,UBE3A,IKZF5,SYTL2,MYLIP,CAMK1,PTPRF,C2orf27A,PCGF5,TSPAN7,TIAL1,QSER1,HES1,ABR,PI4K2A,MYC,NHSL2,PTBP2,SPRED1,RAPH1,TSC22D2,WIF1,UGGT1,PGM5,SLC22A3,NIN,WNT4,APP,UTRN,PIKFYVE,CCNI,CA2,EGR1,TSC22D1,EP300,NOTUM,GAB2,CHIC2,WDFY3,CTNNB1,SERPINE2,STX6,ARPC2,BGN,VSNL1,INPP4B,HAS2,EHBP1,CCNY,PARG,SPIN1,CLDN2,NOB1,PTPN9,ZNRF3,ANGPTL4,RAB38,GNAZ,SAV1,EML6,ZNF292,KRAS,RBFOX2,ZNF609,ARHGAP12,SERINC5,LAMC1,GAS2L3,MCF2,SESN3,ACTN1,MIR548D2,PITPNB,RASSF3,LRP6,SLC30A1,GTF2A1,SUV39H2,MTMR3,ETV5,CBL,DCN,TNFRSF19,RGS7
15	homer-M00617	0.059705	3.67986	M5	PBX3,PBX1,PBX2,PBX4	BCL11B,ZNF521,TBX3,ZNF503,SEPHS1,ZFP36L1,JARID2,ZNF618,CCND1,ZC3H4,FMNL2,TLE3,PPP3CA,FOXL2,CTBP2,LRRC4C,IRF2,SMAD7,CDK17,WNT11,CASZ1,MXI1,FBN1,SIN3A,SPRY2,SLIT2,MLLT3,ATXN1,YAP1,NKD1,NR4A2,LMNB1,PRRX1,TCF7L2,ZNF462,ETV4,LDB2,ASXL1,SATB2,ESRRG,STK24,DUSP6,SLC23A2,ZNF652,NR4A3,ANP32A,DEPDC5,BMP4,ARID1B,KLHL5,AQP7,ZNF536,HNRNPH3,COL6A3,SPRED2,GPR3,CHSY1,RFX3,FERMT2,AHNAK,RUNX2,TRPM3,MAML3,AXIN2,TLE1,FLRT2,HOXC10,RORB,NR5A1,ADARB1,STK39,TET1,DLL1,KDM4B,CNOT6L,ORC4,AMOT,SPRY4,TOB1,LAMA2,SOBP,TAB2,TSHZ3,NHS,REST,ZDHHC20,NTM,PPFIBP1,FRMD6,NDE1,CPT1A,TOB2,NAP1L1,ARID5B,MARK1,LGR5,SSBP4,MCC,DACH1,WWTR1,TMTC1,SPTBN1,NXN,PLCB1,FZD7,TMOD3,CHL1,SULF2,AUTS2,MYADM,TET2,PCGF2,CDK6,ISM1,SLC19A1,ZFAND6,TSPYL4,PHLDA1,ZNF827,CHN1,GATAD2B,FEM1A,KCNK9,SOCS7,PDZRN3,CLSTN1,SLK,UGCG,CGNL1,UST,NID2,BMPR1A,VEGFA,GATA3,KLF3,FOS,PBX1,MGA,TTBK2,RAI1,GABPB1,MID1,HLF,CTNNA2,ZMYM2,HERC1,ENC1,DAB2,SH3BP4,PTPRS,TNS1,OTUD4,SMNDC1,ERN1,VIM,CACNB2,INPPL1,EFNA3,NLK,HERC4,KIF5C,NETO2,HECTD2,IRS1,NPNT,RNF24,ATL2,RNF217,TCF3,KCNK2,SMAD4,SMS,JAG1,FOXN3,GLI3,BMPR2,HTRA1,TMEM108,SLC7A1,GREM2,QPCT,KLC1,ARHGAP42,DNAJC10,RNF152,RBPMS2,DAAM2,FGF12,SEMA6D,CADM1,FGF9,TACC1,ADAM10,CDH2,AFF3,COL1A1,PIAS3,PRKD1,BICC1,USP3,RPRM,DHX9,SLC39A10,NRP1,KCTD1,DLC1,KCNJ5,TSHZ1,TRIB2,LEF1,AGTR1,DOC2B,COL8A1,NFIX,PIAS2,PPP3R1,ZBTB2,PPP2R5C,FARP1,BRPF3,UBE3A,IKZF5,SYTL2,MYLIP,CAMK1,PTPRF,C2orf27A,PCGF5,TSPAN7,TIAL1,QSER1,HES1,ABR,PI4K2A,MYC,NHSL2,PTBP2,SPRED1,RAPH1,TSC22D2,WIF1,UGGT1,PGM5,SLC22A3,NIN,WNT4,APP,UTRN,PIKFYVE,CCNI,CA2,EGR1,TSC22D1,EP300,NOTUM,GAB2,CHIC2,WDFY3,CTNNB1,SERPINE2,STX6,ARPC2,BGN,VSNL1,INPP4B,HAS2,EHBP1,CCNY,PARG,SPIN1,CLDN2,NOB1,PTPN9,ZNRF3,ANGPTL4,RAB38,GNAZ,SAV1,EML6,ZNF292,KRAS,RBFOX2,ZNF609,ARHGAP12,SERINC5,LAMC1,GAS2L3,MCF2,SESN3,ACTN1,MIR548D2,PITPNB,RASSF3,LRP6,SLC30A1,GTF2A1,SUV39H2,MTMR3,ETV5,CBL,DCN,TNFRSF19,RGS7
16	transfac_pro-M01617	0.0593728	3.63763	M2		BCL11B,VGF,DNAJB5,EFNA3,JUNB,COL1A1,SV2A,KIF5C,TCF3,MAZ,ARID5B,SIN3A,ZC3H4,ZNF618,HOXC10,TSC22D1,NRXN2,ZNF521,TBX3,AHNAK,AUTS2,TOB2,GATA3,CNOT6L,MYC,RSF1,EGR1,SLC44A5,PTPRS,DAB2,SPRY2,PRRX1,ORC4,AMOT,HAS2,SBK1,CDK17,PCGF2,MAX,GNL1,LDB2,DNM3,TCF7L2,TOB1,NLK,LRRC4C,ABCB4,C2orf27A,SV2C,INTS6,VCAN,NR4A2,PEA15,RUNX2,KCTD1,EGR3,CASZ1,ESRRG,SMAD7,NR4A3,CCND1,ANP32A,CTBP2,SATB2,OLFM2,ETV1
17	transfac_pro-M01122	0.0590224	3.59308	M2	ZNF219,KLF4,ZBTB14,SP1,MTF1,MZF1	LRRC4C,ZNF521,MXI1,CASZ1,RORA,BCL11B,ARID5B,ZNF462,ANP32A,SPRY2,CTNNB1,PBX1,COL11A1,SPRED1,SATB2,VGF,MAML3,SESN3,TSHZ1,ZNF618,NRXN2,BMP4,TBX3,NR4A2,EFNB1,FGF9,KCTD1,TOB2,ESRRG,DACT3,AXIN2,VEGFA,ORC4,ETV1,RUNX2,AUTS2,CTBP2,RBFOX2,PTPRS,FOXN3,HES1,ZNF827,GLI3,SMAD7,MBOAT2,XPO1,LEF1,UTRN,TLE3,EXT1,TRPM3,NFIX,CGNL1,SEMA6D,TRIB2,NR4A3,ZNF536,DCN,EFNA3,ETV5,SULF2,ZNRF3,SPRED2,ATXN1,FN1,COL1A1,ZFP36L1,RFX3,KLF3,RNF152,TCF3,TSHZ3,AMOT,PCGF2,SV2A,LDB2,DUSP6,FLRT2,PTPRF,USP3,IRS1,NKD1,TCF7L2,ZC3H4,CSRP2,OLFM2,TSPAN7,CACNB2
18	taipale-NCCCCCCCAC-ZNF740-DBD	0.0589475	3.58357	M2	ZNF740,ZNF444,ZNF467	ZNF521,CASZ1,SPRY2,RUNX2,BCL11B,VGF,NLK,ZNF462,TSHZ1,RORA,SV2A,COL1A1,ACTN1,AUTS2,RBFOX2,AMOT,MXI1,BMP4,ORC4,NR4A2,TCF3,NRXN2,LRRC4C,ARID5B,ZNRF3,SMAD7,KANK2,ZNF618,TOB2,PRR12,SMAD4,TBX3,CGNL1,EFNB1,CTBP2,C2orf27A,GLI3,NFATC4,FLRT2,TRPM3,PBX1,PPFIBP1,DNAJB5,ESRRG,MAML3,TLE3,PTPRF,NFIC,PBX3,ETV5,RFX7,EFNA3,FGF12,CTNNB1,ZNF292,TCF7L2,DAAM2,RAPH1,CACNB2,CDC42EP3,PEA15,LDB2,SATB2,SEMA6D,RFX3,COL11A1,TMEM108,MGA,KCTD1,FRMD6,ETV1,RSF1,HOXD11,CREBZF,ZFAND6,ZNF148,SEPHS1,PTPRS,SPRED1,QSER1,LAMC1,PCGF2,RC3H2,DAB2,SLC44A5,FN1,OLFM2,NR4A3,RAB11FIP2,NKD1,AXIN2,HES1,KIF5C,ZNF827,ABR,FNDC3A,ZFP36L1,HAS2,SLC7A1,JARID2,SLC39A10,UTRN,TET1,RNF152,HOXC10,SPRED2,ZBTB2,CSRP2,TIMP3,LCOR,KCNK2,SMAD2,VSNL1,PLEKHA1,MYC,IRS1,GATAD2B,PIP5K1B,CNTN6,ETV4,SULF2,REV3L,GNAZ,UBE2QL1,ZNF536,GNL1,DACT3,NOVA2,LRP12,SPRY4,NAP1L1,RHBDL3,JMJD1C,USP3,NRP1,FGF9,TRIB2,LIFR,CLDN1,KCNK9,RNF24,TCF12,FOXN3,MCC,TET2,SLK,KRAS,ABI2,CCND1,NFIX,DCN,EGR3,MID1,VEGFA,TSPAN7,COL12A1,PRRX1,ZC3H4,ADARB1,TMOD3,PTMS,RAB30,MLLT3,NETO2,UBE3A,JUNB,FGFR2,EPC2,SESN3,PRKD1,KLF3,TSHZ3,SIN3A,ADAMTSL1,BTAF1,ZNF680,FAM171A1,SBK1,FZD7,ZC3H11A,ZBED6,PFKFB3,LEF1,TRAM2,AHNAK,OTUD4,DPYSL2,SYNE1,PRKD2,DACH1,TNS1,CDH13
19	hdpi-NMRAL1	0.0588106	3.56617	M6	NMRAL1	SEPHS1,DUSP6,HOXA11,TBX3,ZC3H4,PTP4A1,ZNF521,CDK17,JARID2,COL8A1,SATB2,FARSA,MYC,WNT11,ORC4,ZNF503,JAG1,KDM4B,BRPF3,TSHZ3,FN1,ANP32A,NIN,GLI3,CADM1,VCAN,DACT1,RBFOX2,RORA,CDK6,FERMT2,FBXL7,SMAD2,SS18,AXIN2,APP,SPRY2,ESRRG,PBX1,BCL11B,SLC7A1,RUNX2,CTNNB1,FAM171A1,TOB1,MLLT3,DPP10,B3GALNT2,TET1,PTAR1,PDE10A,TRIB2,FMNL2,UBE2Q2,NOTUM,SMNDC1,PTBP2,PCGF2,NBEAL1,ZFP36L1,MXI1,FOXN3,REV3L,AMOT,C3orf70,NHS,HNRNPH3,FZD7,TLE3,SORBS1,EFNA3,ACAN,CHN1,FGFR2,KLF3,CTBP2,DAB2,ZNF462,NR4A3,FOXD1,KLF14,ARID1B,GATA3,TSC22D1,ZNF827,RFX3,YAP1,CLDN2,PPFIBP1,CCND1,REV1,DKK1,FNDC3A,LRRC4C,GAS2L3,SIN3A,TCF7L2,HES1,FBXO34,ARID5B,SPIN1,PDZRN3,PRRX1,DLL1,CSRP2,TTBK2,MARK1,CLDN1,ARHGAP12,INPPL1,RORB,ZNF280C,MID1,LIFR,FOXL2,MAML3,NDE1,PPP3CA,CHL1,SLC23A2,UBE3A,NR5A1,NKD1,CGNL1,SSBP4,CTNNA2,SULF2,RGS7,NPNT,HAS2,NDEL1,EPC2,ARHGAP42,CPT1A,GPR3,ZNF280D,SMAD7,ZDHHC20,ZNF618,PLCB1,FAM169A,ZNRF3,ENC1,GAB2,CHSY1,TRPM3,CCNI,BMP4,CDH2,ETV5,TNFRSF19,ETV4,USP3,UST,LGR5,TAB2,CHRNA5,HOXD11,EHBP1,DIP2C,TCF3,SEMA6D,DLC1,COL18A1,PARD3,CASZ1,BMPR1A,ABR,REST,PHLDA1,MED12L,NFIX
20	homer-M00833	0.058723	3.55503	M1		PTP4A1,JARID2,RORB,LEF1,LRRC4C,BMPR2,TSC22D2,NR4A3,REV3L,TLE3,ZNF503,ELK1,NHS,EGR3,AUTS2,RBFOX2,KCTD1,CTBP2,BRPF3,SOBP,UBE3A,JUNB,GATAD2B,PDE10A,PRKD3,ESRRG,SHROOM4,ZBTB2,ARID5B,ZNF536,TSHZ3,EFNA3,C2orf27A,ZNF711,SEMA6D,EFNB1,PRRX1,KRAS,ZNF521,UST,GAB2,AHNAK,FGF9,PTEN,HMX3,ZNF827,DDHD1,NR4A2,SMAD4,TCF7L2,ANKRD17,PPM1A,PPFIBP1,ZNF462,SEPHS1,TSHZ1,CPT1A,NDE1,SS18,TBX3,MBOAT2,FGF12,KIF5C,IKZF5,CGNL1,KDM5B,RFX3,BCL11B,TAB2,CSRP2,MCC,RPS6KC1,KCNK9,CDC42EP3,SIN3A,AXIN2,SPIN1,CTNNA2,MAML3,FARP1,EGR1,RORA,SPRED2,CTNNB1,WNT11,HLF,VCAN,BMP4,CASZ1,HOXC10,PPP3CA,COL8A1,TTBK2,DOC2B,RPRM,INPP4B,FLRT2,LGR5,PBX3,EXT1,TOB2,ISM1,UGCG,ASTN1,ORC4,SMAD2,PHLDA1,ETV4,SLC2A1,SESN3,IER2,IRF2,LSM14A,SLC44A5,MAPK1,AMOT,ZNF618,SPRED1,MED12L,ATXN1,BMPR1A,SATB2,FERMT2,SV2C,DUSP6,PLEKHA1,ZFP36L1,STK24,ADAM10,PIP5K1B,MID1,ABR,PTPRF,LCOR,ZBTB5,ZNF410,SH3BP4,GFRA2,CDH2,CHRNA5,TIMP3,PTPRS,INTS6,FOXN3,NOC3L,CBL,FRMD6,GATA3,RNF24,NIN,ASXL1,STK39,TNS1,ENC1,ARID1B,DAB2,DPYSL2,ATL2,CADM1,RAPH1,DCN,XPO1,FBXO34,KCNJ5,RUNX2,WWTR1,PCGF5,SLC39A10,GLI3,MLLT3,RHBDL3,ANKRD50,ZNF680,ETV1,LIFR,ZNF652,DNAJC10,MXI1,CDK17,HES1,CCNI,IRS1,ZMYM2,GNAI3,MTMR11,TCF3,CDK6,VGF,RELN,PEA15,KANK2,GJC1,TCF12,SULF2,USP34,GK,CSGALNACT2,MYADM,SPTLC2,JMJD1C,TRAM2,CNOT6L,PTMS,TUG1,MYLIP,NOTUM,SPRY4,ANO4,TSPYL4,KLF3,PRKD1,GTF2A1,ADARB1,COL12A1,SV2A,AGTR1,KLC1,UTRN,USPL1,FN1,COL1A1,ZNRF3,RAB30,TSC22D1,FBXL7,HERC1,NXN,MGA,PPP2R5C,HSPA13,GAS2L3,ABCE1,ANKRD12,VTI1A,TMOD3,UAP1,HERC4,PCP4,SERPINE2,AFF3,NR5A1,RASSF3,HAS2,NTM,NRXN2,DAAM2,NFIX,ST6GALNAC5,RNF152,ELAVL1,SLC30A1,PNMA2,LRRC17,REST,RNF169,DUSP5,EML6,CLDN1,TET2,ZRANB1,NAP1L1,NKD1,GNAZ,TET1,CHL1,RC3H2,NIPA2,VIM,TTC7B,GDF10,CTDSPL2,NMT2,DLC1,DBN1,HSDL1,ARHGAP42,MCOLN3,FGFR2,MAP4K5,CREM,FCHSD2,SLIT2,IQCA1,DKK1,NAB2,PGM5,NFYA,EXOC5,SLC35F1,ZNF292,SLC25A15,HOXD11,TASP1,TMEFF2,SEMA4G,PLD5,ARID4A,PFKFB3,SMAD7,DCUN1D4,PDZRN3,VSNL1,KCNK2,CCND1,EPC2,ST8SIA5,OTUD4,UBE2QL1,SLC7A1,KLHL5,SLC16A2,FNDC3A,SMNDC1,SYNE1,ETV5,YME1L1,JAG1,PRELP,SPRY2,GPSM2,NOSTRIN,LAMC1,KLF14,FAM171A1,INPPL1,SPTBN1,IGFBP6,FAM114A1,EIF2S1,PBX1,TSPAN14,MXD1,TEC,MYC,FBN2,NOB1
21	transfac_pro-M00923	0.0585478	3.53276	M1		TSC22D2,JARID2,NR4A3,IRS1,SOBP,ESRRG,REV3L,MAML3,PPP3CA,TUG1,ZNF521,CDK6,HERC1,XPO1,CHIC2,AUTS2,TTBK2,EGR3,ZNF827,LOC100287846,C2orf27A,CPT1A,MYC,KCNK9,GATAD2B,GAB2,SHROOM4,PTEN,SEMA6D,ORC4,JAG1,INPP4B,PRR12,ANKRD12,ANP32A,QSER1,KRAS,DPP10,TLE3,WDFY3,BCL11B,PIP5K1B,FGFR2,CTNNA2,IKZF5,ZBTB2,ETV1,SLC16A2,BMPR2,ZNF711,AHNAK,DIP2C,PPM1A,RORB,CTBP2,SPRY4,TNFRSF19,PDE10A,PRELP,LIFR,RHBDL3,TSC22D1,ARID4A,CDK17,CTNNB1,ATXN1,TSHZ1,NOTUM,REST,NR4A2,ZMYM2,SLIT2,ZNF462,CDH2,PCOLCE,ZNF280D,ANKRD50,NOB1,TBX3,LSM14A,INTS6
22	transfac_pro-M02920	0.0582047	3.48913	M7	TCF7L1,ELF3	ZFP36L1,TLE3,ZNF521,SMAD7,SEPHS1,HOXC10,TBX3,TCF7L2,BCL11B,NR4A3,CASZ1,PRRX1,OTUD4,SPRY2,LRRC4C,RUNX2,SLIT2,ORC4,MYC,AUTS2,MLLT3,ZNF462,NLK,CTBP2,ESRRG,HES1,DUSP6,PBX1,SATB2,CGNL1,ZNF536,NR4A2,FOXN3,SEMA6D,RORB,GATA3,PTPRS,IRF2,WNT11,DAB2,NR5A1,CNOT6L,LEF1,AMOT,ATXN1,BMP4,UGGT1,MXI1,TSHZ3,NHS,ZNF618,FN1,ZNF711,GLI3,RFX3,ZNF827,RBFOX2,LMNB1,RORA,HAS2,TRPM3,VGF,FOXL2,HOXD11,CADM1,YAP1,CDK6,CLDN2,TSPYL4,PCGF2,COL6A3,HOXA11,FZD7,GPR3,FCHSD2,TSC22D1,IRS1,DLL1,VEGFA,PCGF5,JAG1,MAML3,NDE1,MED12L,NRP1,PTBP2,TOB2,PRKD2,TAB2,CDH2,CCND1,LAMA4,TET2,SMAD4,LTBP1,CDK17,NAP1L1,MID1,NXN,PTP4A1,ZMYM2,VCAN,DPYSL2,ANP32A,JARID2,FERMT2,FMNL2,FBN1,ABR,PPP3CA,HERC1,KLF14,FOS,CPT1A,NFIX,USP3,SIN3A,REV1,LDB2,LGR5,FNDC3A,TIMP3,ETV4,MCC,KCTD1,ARID1B,KIF5C,UST,NKD1,SV2C,ABI2,ZNRF3,PPFIBP1,INPPL1,SHOC2,FGF12,NRXN2,BRPF3,SPRED2,PDZRN3,GABPB1,TSHZ1,CDC42EP3,SERPINE2,PRELP,ARHGDIA,PDE10A,SPRY4,KCNK9,TNS1,VIM,NPNT,FLRT2,COL8A1,GPSM2,SLK,RBPMS2,PEA15,RELN,QPCT,HAO2,ZFAND6,AXIN2,MYADM,HNRNPH3,STK24,NID2,ASXL1,INPP4B,NAB2,PGM5,CPSF2,FBXL7,SV2A,ZNF609,ETV1,UAP1,TCF3,FGF9,CHL1,TCF12,SSBP4,TLE1,PRKD1,UTRN,REV3L,ASTN1,ACTN1,TRIB2,TSPAN7,PRR12,XPO1,ZNF503,KLF3,REST,CHSY1,ELAVL1,TMTC1,TET1,EHBP1,DAAM2,FGFR2,SLC7A1,EFNA3,NTM,CTNNB1,KCNK2,ETV5,BMPR1A,KLHL5,VTI1A,TMEM108,GATAD2B,MTMR11,SPTBN1,ADAMTSL1,MGA,ARPC2,BMPR2,QRFPR,CTDSPL2,PI4K2A,TJP1,PLEKHA1,FKBP10,KDM5B,PDE7B,UBR1,AQP7,RCOR1,SLC25A15,AFF3,KDM4B,DIP2C,ANKRD50,OLFM2,TOB1,NOTCH2,COL12A1,GREM2,GAB2,CHD8,TMOD3,DOC2B,DNAJB5,TTBK2,MCOLN3,SPIN1,RAI1,MIR1262,BICC1,NFATC4,ARSJ,DGKD,EGR3,IKZF5,RNF152,RFX7,SOAT1,ZNF680,FAM169A,LAMC1,SESN3,SLC39A10,SORBS1,SLC23A2,DNM3,STX6,SOCS7,ZC3H4,CACNB2,DACH1,LRP12,NIN,CCNI,WWTR1,AGTR1,PPM1A,UBE3A,EPC2,ARID5B,SETX,QSER1,ERN1,TASP1,NOVA2,SMAD2,TRAPPC6B,EGR1,CGRRF1,CAMK1,ANO4,ENC1,SMS,DACT3,GFRA2,DPP10,CBL,C2orf27A,SOBP,SBK1,SERPINH1,GAS2L3,APP,SYNE1,NETO2,PLCB1,HERC4,AMOTL1,MYLIP,NOSTRIN,CA2,TACC1,RNF24,AQP9,ZNF292,EXT1,BGN,ANTXR1,PRKD3,PIAS3,SULF2,PTPRF,ARHGEF12,ZNF652,HDAC2,TNFRSF19,ADARB1,TEC,TSPAN14,KRAS,CBFB,LIFR,PPP3R1,PDE2A,RGS7,ARL5B,ST8SIA5,PDZD8,LTB4R
23	homer-M00682	0.0581828	3.48635	M3		CCND1,ZNF521,ZFP36L1,SEPHS1,RUNX2,SATB2,SPRY4,CTBP2,MAML3,MTA2,TBX3,BCL11B,SMAD4,ZNF503,SESN3,PBX3,TET1,ARID5B,INPPL1,HOXA11,LDB2,PRRX1,SMAD7,ABI2,LMNB1,RBFOX2,TSC22D2,CADM1,ETV5,CASZ1,KLF14,TCF12,ZNF618,PBX1,KDM4B,GTF2A1,GPR3,TAB2,MYADM,NR4A3,SPRY2,FBN1,NDE1,SPIN1,TJP1,LRRC4C,JMJD1C,ZNF652,TLE3,HNRNPH3,KLF3,SIN3A,RFX3,CA2,SOCS4,GABPB1,C2orf27A,TCF7L2,PPP3CA,HAS2,TSHZ1,ORC4,RC3H2,KLHL5,ESRRG,SRSF1,FOS,FNDC3A,RORB,TSHZ3,KLC1,NR4A2,AUTS2,UGCG,EP300,PRKD1,DUSP6,CDH2,CTNNB1,EGR3,ZFAND6,HERC4,PPP2R5C,KANK2,JARID2,ZNF827,FOXN3,HLF,AFF3,AHNAK,CPT1A,ANP32A,KIAA1671,STK39,TTBK2,PDE5A,IKZF5,CBFB,CTDSPL2,REV3L,COL8A1,CHN1,ZNF536,FMNL2,ZMYM2,USP34,NHSL2,FN1,RNF24,CGNL1,KDM5B,NID2,PTPN9,ANKRD12,UGGT1,DEPDC5,BRPF3,NHS,ZC3H14,AGTR1,FZD7,HERC1,SGCE,TMTC1,DAB2,LGR5,MYC,BTAF1
24	homer-M00689	0.05815	3.48217	M5	LEF1,TCF7,TCF7L2,TCF7L1	NKD1,WNT11,DKK1,CCND1,AXIN2,ARID5B,HOXA11,SEPHS1,TSHZ1,ZNF503,NIN,SMAD7,NOTUM,ZNF618,DDHD1,MID1,DPP10,PTP4A1,TBX3,SPTBN1,EFNA3,LIFR,NHS,RBPMS2,AMOT,FBXL7,TSHZ3,NAP1L1,FARP1,BCL11B,DUSP6,UTRN,LRRC4C,TTC3,TLE1,SORBS1,TLE3,SPRY2,SYTL2,RORB,C4orf46,PDZRN3,FERMT2,ZBTB2,CTNNA2,FMNL2,HNRNPH3,ZFP36L1,SLC39A10,TRPM3,SATB2,CHIC2,TET2,ANTXR1,ESRRG,NFATC4,SEMA6D,ETV1,FOXL2,UBE2Q2,CLDN1,USP3,ATXN1,TSC22D1,ST6GALNAC5,EPC2,NR4A3,CPT1A,MOXD1,C3orf70,AGTR1,CTBP2,CHSY1,GAS2L3,DNM3,TNFRSF19
25	yetfasco-374	0.0573761	3.38379	M2		LRRC4C,ZNF521,MAX,TSC22D1,AUTS2,ESRRG,TSHZ3,SIN3A,JUNB,GABPB1,JARID2,NLK,CTBP2,ZFP36L1,ANP32A,BCL11B,SEPHS1,NR4A3,SEMA6D,KRAS,CSRP2,HERC1,CCNI,PRR12,BMPR1A,PCGF2,RFX3,MAML3,CTNNB1,FBN1,SPRY2,ZNF462,ZBTB2,DUSP6,TAB2,TBX3,NR4A2,TLE3,BRPF3,PPM1A,ZNF618,ZFAND6,TSC22D2,CASZ1,HMX3,RORB,UST,MBOAT2,GLI3,RORA,KCTD1,AMOT,SMAD4,LGR5,KLHL5,C2orf27A,TCF3,RNF152,ARID1B,MTMR3,SV2A,SOBP,FNDC3A,ZNF148,ZNF652,STK39,HOXC10,HAS2,TUG1,PIP5K1B,AXIN2,ARID5B,SPRED2,QSER1,PPP3CA,ZNRF3,FGF12,INPPL1,TSHZ1,PPFIBP1,PBX3,KIF5C,IRS1,YME1L1,TSPAN14,CDH2,SHROOM4,TOB2,RBFOX2,USP3,CDK17,RUNX2,RAB11FIP2,USP34,LRP12,PTP4A1,MGA,VGF,TET1,NRP1,MYEF2,ETV1,FOXN3,INTS6,ZNF292,COL11A1,ETV4,ORC4,ANTXR1,DACT1,KCNJ5,ADAM10,WAC,SLC44A5,GATA3,MYC,ZMYM2,ELAVL1,PTBP2,HDAC2,NFATC4,NAP1L1,TET2,FOXL2,MXI1,NDE1,PDE10A,MLLT3,FRMD6,YAP1,UBE2Q2,TJP1,SATB2,ATXN1,UBE3A,NRXN2,PLEKHA1,VCAN,DPYSL2,SAV1,DCN,RC3H2,ZC3H4,CGNL1,CCND1,EFNA3,PRRX1,HES1,FLRT2,SMAD7,LAMC1,REV3L,PRKD1,FN1,CNTN6,NHS,DKK1,APP,RHBDL3,FGF9,JAG1,COL1A1,TLE1,SCAF1,KCNK2,TNFRSF19,NFYA,TMEM184C,HNRNPH3,FBXO34,CREM,SULF2,USPL1,TCF7L2,SPRY4,WWTR1,LEF1,KLF3,LCOR,MED12L,RSF1,ANKRD50,PRKD3,ETV5,XPO1,UTRN,SMAD2,FBN2,CDH13,RFX7,CADM1,ABI2,RAPH1,NETO2,SLC39A10,ZNF827,NOTUM,EP300,SLK,FARP1,TACC1,FBXL7,SLC7A1,LTBP1,RAB30,PTPRS,FKBP10,TCF12,KANK2,TTBK2,EGR1,ZNF410,ERN1,UGCG,ZNF680,CCNY,NTM,TRAM2,TMEM108,SESN3,SPTBN1,AHNAK,NFIC,IKZF5,CPT1A,CACNB2,ISM1,CBL,UGGT1,ARPC2,REST,MID1,CSNK1G1,RNF24,ADARB1,KLC1,BMP4,INPP4B,ARL5B,DLL1,EXOC5,EGR3,PIKFYVE,NDEL1,SMNDC1,LRRC17,LIFR,CDC42EP3,PTEN,BMPR2,PCGF5,ASTN1,IRF2,PDE5A,SLC16A2,KLF14,ATL2,SYNE1,GATAD2B,PBX1
26	homer-M00031	0.0571954	3.36082	M4	E2F6,E2F4,E2F7	SIN3A,EGR3,CTDSPL2,TLE3,NLK,ORC4,ESRRG,FCHSD2,ABI2,NRP1,TSC22D1,FANCC,AUTS2,NRXN2,BRPF3,SATB2,HAS2,PRRX1,PCGF2,BMP4,XRCC5,SV2C,LEF1,NOLC1,XPO1,EHBP1,SPRED2,SMAD7,EGR1,TCF3,FLRT2,SPRY2,PBX1,BUB3,DIS3,USP37,ZNF462,LPL,ARSJ,TBX3,RIF1,GJC1,ZNF827,RAPH1,HOXC10,LRP12,AMOT,SPRED1,CCND1,FZD7,RC3H2,HDAC2,PLCB1,HNRNPH3,ZFP36L1,PRR12,CSRP2,NFATC4,FN1,KCTD1,GABPB1,DPYSL2,LMNB1,MAZ,UTRN,KIF5C,AHNAK,CDC42EP3,JARID2,RSF1,CLDN2,DUSP6,MYC,VCAN,GLI3,LAMA4,KRAS,FGF12,CASZ1,ARPC2,KANK2,ANP32A,GFRA2,SOCS7,DCBLD2,EFNA3,SPRY4,TGFB1I1,DGKA,UBA6,CHD8,ZNF711,CAMK1,ETV4,NR4A2,IRF2,CPSF2,ZNF521,ABR,PPFIBP1,PBX3,PRELP,TSHZ3,CTNNA2,SV2A,FOXN3,C3orf70,RBPMS2,CDK17,ZNF536,SEMA6D,ZNF410,KCNJ5,LRRC4C,OTUD4,IRS1,DACH1,NOC3L,SETX,REV3L,WWTR1,TCF7L2,COL6A3,SLIT2,CHL1,LRRC49,COL8A1,NAB2,TLE1,MXI1,RELN,KLHL5,MID1,RORB,PLEKHA1,COL1A1,ARID5B,UGGT1,VEGFA,DLC1,PRKD2,MCC,GAB2,TNFRSF19,PFKFB3,PDE10A,BMPR1A,ZBTB2,FBN1,MAML3,CTBP2,LAMC1,TTBK2,ZC3H4,SLC44A5,NOB1,AFF3,COL11A1,ZMYM2,SHROOM4,SMAD4,SSBP4,ANO4,BCL11B,VGF,PCGF5,CDH2,OLFM2,PDE2A,ASXL1,PARG,GNAI3,GTF2A1,NIN,TUBB6,FARP1,MTMR3,HES1,LTBP1,NHSL2,HTRA1,TOB2,PAPOLG,FOS,ZNF280C,EDNRB,SMCHD1,KCNK9,PTPRF,RORA,RUNX2,FMNL2,KCNK2,TACC1,TET2,DCUN1D4,FRMD6,AQP7,DDX50,TNS1,PPP2R5C,SLC23A2,PIP5K1B,COL12A1,NAP1L1,SEPHS1,SLC35F1,RAB30,SBK1,TRPM3,LTBP4,EPC2,IFFO2,IER2,MCOLN3,DCN,PRKD3
27	homer-M00640	0.0571845	3.35943	M5	TCF7,LEF1,TCF7L2,TCF7L1	AXIN2,HOXA11,NKD1,DKK1,SEPHS1,TSHZ1,CCND1,NOTUM,WNT11,SMAD7,MID1,NIN,NHS,ZNF521,TRPM3,AMOT,EFNA3,DPP10,ZNF618,ARID5B,PTP4A1,DDHD1,LRRC4C,SLC7A1,SPRY2,ST6GALNAC5,CACNB2,DUSP6,FMNL2,ZNF503,ZBTB2,FBXL7,TET2,CTBP2,VCAN,NR4A3,MAZ,TAB2,SPTBN1,CTNNA2,TBX3,ESRRG,C3orf70,TCF12,FERMT2,ATXN1,TSHZ3,TNFRSF19,LIFR,ARSJ,NAP1L1,SLIT2,RBPMS2,SYTL2,RORB,TMEM108,DNM3,MLLT3,LMNB1,COL11A1,KCNK2,AFF3,MCOLN3,DAAM2,WWTR1,KLF3,CDH2,MMP12,CPT1A,USP3,SPIN1,ANTXR1,TLE1,PCGF5,SMAD2,CTHRC1,NLK,AMOTL1,PDZRN3,NOTCH2,FNDC3A,KCNJ5,UTRN,AGTR1,TSC22D1,ETV1,MOXD1,GLI3,ZC3H4,SORBS1,CASZ1,FOXN3,C2orf27A,ZFP36L1,CHIC2,APCDD1,CDK17,CHN1,REV1,FARP1,CHL1,ARHGEF6,SPRY4,HES1,ADAM10,ADAMTSL1,PLEKHA1,INPP4B,FN1,MAML3,HOXC10,COL12A1,OTUD4,ZBTB5,QPCT,UBE2Q2,CLDN1,FBXO34,SLC39A10,CLDN2,RC3H2,NFIX,MARK1,HERC1,SLC22A17,EDNRB,NFATC4,ZNF827,SMS,GATAD2B,PRRX1,DCN,SEMA6D,HTRA1,SATB2,MIR3120,SGCB,LGR5,RFX3,NETO2,GAS2L3,ARHGAP32,BCL11B,ADARB1,PRKD3,NDE1,CLSTN1,HAO2,SIN3A,SH3BP4,NOSTRIN,LRP12,JARID2,DNAJC10,FOXL2,ORC4,LDB2,ABI2,NTM,USP34,CNOT6L,DAB2,GTF2A1,ZNF536,GPR3,LAMA2,CGNL1,PPP4R1,DLC1,KDM4B,SHROOM4,EGR3,HLF,SULF2,PLCB1,NPNT,HAS2,KLHL5,PHLDA1,JAG1,CDH13,ZNF652,TET1,UGCG,ZNRF3,SESN3,INVS,CNTN6,MCC,RBFOX2,MXI1,TACC1,ABCB4,REST,CCNI,CHRNA5,TNS1,MED12L,TGFBR1,TTC7B,EML6,RNF152,NR5A1,ERN1,PPFIBP1,ZNF148,ARL5B,KCTD1,NRP1,TASP1,KIF5C,IKZF5,COL18A1,MXD1,MYC,WIF1,BMP4,GPSM2,CHSY1,BICC1,GDF10,RGS7,ASXL1,VEGFA,RNF24,RORA,VIM,UBE3A,SPOCK1
28	transfac_pro-M02355	0.0571845	3.35943	M5		AXIN2,HOXA11,NKD1,DKK1,SEPHS1,TSHZ1,CCND1,NOTUM,WNT11,SMAD7,MID1,NIN,NHS,ZNF521,TRPM3,AMOT,EFNA3,DPP10,ZNF618,ARID5B,PTP4A1,DDHD1,LRRC4C,SLC7A1,SPRY2,ST6GALNAC5,CACNB2,DUSP6,FMNL2,ZNF503,ZBTB2,FBXL7,TET2,CTBP2,VCAN,NR4A3,MAZ,TAB2,SPTBN1,CTNNA2,TBX3,ESRRG,C3orf70,TCF12,FERMT2,ATXN1,TSHZ3,TNFRSF19,LIFR,ARSJ,NAP1L1,SLIT2,RBPMS2,SYTL2,RORB,TMEM108,DNM3,MLLT3,LMNB1,COL11A1,KCNK2,AFF3,MCOLN3,DAAM2,WWTR1,KLF3,CDH2,MMP12,CPT1A,USP3,SPIN1,ANTXR1,TLE1,PCGF5,SMAD2,CTHRC1,NLK,AMOTL1,PDZRN3,NOTCH2,FNDC3A,KCNJ5,UTRN,AGTR1,TSC22D1,ETV1,MOXD1,GLI3,ZC3H4,SORBS1,CASZ1,FOXN3,C2orf27A,ZFP36L1,CHIC2,APCDD1,CDK17,CHN1,REV1,FARP1,CHL1,ARHGEF6,SPRY4,HES1,ADAM10,ADAMTSL1,PLEKHA1,INPP4B,FN1,MAML3,HOXC10,COL12A1,OTUD4,ZBTB5,QPCT,UBE2Q2,CLDN1,FBXO34,SLC39A10,CLDN2,RC3H2,NFIX,MARK1,HERC1,SLC22A17,EDNRB,NFATC4,ZNF827,SMS,GATAD2B,PRRX1,DCN,SEMA6D,HTRA1,SATB2,MIR3120,SGCB,LGR5,RFX3,NETO2,GAS2L3,ARHGAP32,BCL11B,ADARB1,PRKD3,NDE1,CLSTN1,HAO2,SIN3A,SH3BP4,NOSTRIN,LRP12,JARID2,DNAJC10,FOXL2,ORC4,LDB2,ABI2,NTM,USP34,CNOT6L,DAB2,GTF2A1,ZNF536,GPR3,LAMA2,CGNL1,PPP4R1,DLC1,KDM4B,SHROOM4,EGR3,HLF,SULF2,PLCB1,NPNT,HAS2,KLHL5,PHLDA1,JAG1,CDH13,ZNF652,TET1,UGCG,ZNRF3,SESN3,INVS,CNTN6,MCC,RBFOX2,MXI1,TACC1,ABCB4,REST,CCNI,CHRNA5,TNS1,MED12L,TGFBR1,TTC7B,EML6,RNF152,NR5A1,ERN1,PPFIBP1,ZNF148,ARL5B,KCTD1,NRP1,TASP1,KIF5C,IKZF5,COL18A1,MXD1,MYC,WIF1,BMP4,GPSM2,CHSY1,BICC1,GDF10,RGS7,ASXL1,VEGFA,RNF24,RORA,VIM,UBE3A,SPOCK1
29	homer-M00391	0.0571498	3.35502	M5	LEF1,TCF7,TCF7L2,TCF7L1	AXIN2,DKK1,NKD1,WNT11,HOXA11,ZNF503,NOTUM,CCND1,ARID5B,RORB,SEPHS1,LRRC4C,FOXL2,BCL11B,ZNF521,SATB2,AMOT,TSHZ3,ZNF618,TSHZ1,CTBP2,TBX3,NHS,SMAD7,DPP10,FERMT2,EFNA3,ASXL1,TLE3,FMNL2,SPRY2,TLE1,LIFR,SLC39A10,PTP4A1,FARP1,DUSP6,DUSP5,NAP1L1,GAS2L3,DDHD1,RBPMS2,ARSJ,ZNF462,PLEKHA1,COL18A1,LMNB1,PRRX1,SYTL2,SORBS1,NFATC4,SPTBN1,NIN,ZBTB2,TNFRSF19,SULF2,CPT1A,CDK17,C3orf70,TAB2,ADAMTSL1,KIF20B,MID1,FLJ44635,WWTR1,TRIB2,SEMA6D,ESRRG,FOXN3,MCC,KCTD1,PTPRE,HNRNPH3,FBXL7,HTRA1,BICC1,NRP1,FN1,ZC3H11A,ANP32A,TET1,MLLT3,TRPM3,KCNJ5,DNM3,AGTR1,NIPA2,LGR5,ADAM10,NTM,SOBP,FNDC3A,EPC2,BTAF1,CAMK1,MGA,CTNNA2,MED12L,USP3,ATXN1
30	homer-M00220	0.056949	3.3295	M2	TAF1,POLR2A,TBP,HIC1	BCL11B,LRRC4C,CCND1,JARID2,ESRRG,JUNB,ZNF521,SEPHS1,TLE3,RFX3,CSRP2,AUTS2,SEMA6D,HES1,ZFP36L1,NR4A3,LGR5,GLI3,TSHZ1,C2orf27A,CASZ1,AMOT,TSHZ3,HERC1,SPRY2,COL12A1,PRRX1,TET1,UST,HLF,ZNF618,CTBP2,PLEKHA1,PBX3,AXIN2,ZNRF3,XPO1,MBOAT2,SPRED2,ZFAND6,FGF12,CTNNB1,ZNF462,ETV4,ZC3H4,KIF5C,BMP4,NR4A2,NTM,SMAD4,ANP32A,BMPR1A,FBXL7,SPTBN1,WAC,ETV5,CADM1,MID1,TBX3,SATB2,PIP5K1B,MAML3,KDM4B,TNFRSF19,RNF24,SULF2,ARL5B,ZNF536,SMAD2,REV3L,FOXN3,TOB2,RORA,CNTN6,ATXN1,PDE5A,RORB,CCNI,CDK17,RUNX2,ZC3H14,FRMD6,ARID5B,TMEM108,FN1,NAP1L1,USPL1,RAB11FIP2,FLRT2,BRPF3,SORBS1,RAPH1,DLL1,ZMYM2,MGA,TCF7L2,UGCG,TLE1,HAS2,ARID1B,SPRED1,ZNF292,UBE3A,SAV1,EXT1,TASP1,CGNL1,VCAN,ATL2,SMAD7,WNT11,NDEL1,SLC7A1,TCF3,MLLT3,YAP1,YME1L1,LCOR,EGR3,MYC,RNF152,PLD5,ANTXR1,DCN,IRS1,PDE10A,PRKD1,SHROOM4,ERN1,TET2,LTBP1,TCF12,ZBTB2,UAP1,NDE1,INPP4B,GAS2L3,MTMR3,ORC4,UTRN,ZNF827,STK39,TTBK2,FAM169A,FOXL2,DGKA,MAPK1,PPP2R5C,EP300,LEF1,KDM5B,MED12L,FNDC3A,TJP1,HNRNPH3,CCNY,SIN3A,PPM1A,PPFIBP1,CTDSPL2,PPP4R1,DIP2C,FGF9,LAMC1,REST,NETO2,TNFAIP3,SYNE1,GNAI3,LRRC17,SPRY4,DCUN1D4,CSNK1G1,RPRM,DACH1,GREB1,DUSP6,SLC23A2,CDC42EP3,SLC44A5,TAB2,KRAS,SRSF12,KCTD1
31	flyfactorsurvey-crol-F7-16_SOLEXA_FBgn0020309	0.0567647	3.30606	M2	MZF1,MTF1,KLF4,ZBTB14,SP1,WT1,SREBF2,SREBF1,MAZ,PAX4,SP2,ZNF281,ZNF444,ZNF467	CASZ1,ZNF521,ORC4,RORA,SPRY2,ZNF462,VGF,ESRRG,TSHZ1,BMP4,AUTS2,TBX3,TSC22D1,NLK,BCL11B,PRRX1,MXI1,LRRC4C,COL1A1,SV2A,CTNNB1,ZNF618,MLLT3,SATB2,GLI3,COL11A1,NR4A2,RUNX2,CTBP2,TLE3,TOB2,ACTN1,TCF3,SEMA6D,TSHZ3,FN1,BRPF3,ZFAND6,AMOT,TCF7L2,ETV5,PBX1,REV3L,SMAD4,SMAD7,ZNRF3,SPRED1,PBX3,CHD8,LAMC1,ZNF827,DTX3,PCGF2,ANP32A,HOXC10,DAAM2,RAPH1,ARID5B,RBFOX2,CGNL1,KCTD1,CACNB2,NFIC,FRMD6,USP3,SPRED2,TMEM108,C2orf27A,FLRT2,NRP1,RFX3,KIF5C,RFX7,TRAM2,LEF1,CSRP2,MAML3,HES1,SLC44A5,DCN,SEPHS1,LDB2,ZNF292,SPRY4,MYC,TET1,KDM5B,SORBS1,MBOAT2,ANO4,NETO2,EP300,DKK1,ZNF148,ABCB4,IRS1,ZC3H4,SHROOM4,CCND1,ATXN1,FKBP10,KANK2,QSER1,RAB30,RNF152,PIP5K1B,PPFIBP1,DAB2,AXIN2,FNDC3A,MID1,FBXO34,SESN3,NTM,RAB11FIP2,HECTD2,RNF24,NKD1,SULF2,EPC2,NRXN2,USPL1,CREBZF,TAB2,ELAVL1,HAS2,PRKD2,COL12A1,JARID2,DUSP6,WNT11,HNRNPH3,PLEKHA1,SYNE1,KLHL5,CDH13,LCOR,UBE3A,FGF9,SIN3A,ETV1,CDH2,SBK1,ETV4,TIMP3,ARID1B,BTAF1,EFNB1,PRR12,FLJ44635,GAB2,GNL1,STK39,ITGA9,KLF3,SMAD2,GNAZ,ANTXR1,UTRN,WWTR1,ABI2,RC3H2,CCNY,TSPAN7,GATA3,PFKFB3,UGCG,TLE1,DNM3,PTPRS,LIFR,PIAS2,FAM107A,BICC1,PRKD1,IKZF5,RBPMS2,GATAD2B,XPO1,ZMYM2,ZBTB2,ST3GAL5,AHNAK,FERMT2,PEA15,AKAP5,FZD7,FOXN3,CDK17,DLL1,TET2,NAP1L1,USP37,PRELP
32	homer-M00245	0.0566753	3.29469	M6		EGR1,DUSP6,ACTN1,NR4A3,SEPHS1,TBX3,SPRY4,TRIB2,INPPL1,MID1,ZNF521,TCF7L2,ANP32A,TET3,NOB1,FERMT2,ZFP36L1,SPRY2,CTBP2,JARID2,NDE1,LAMA2,SMAD7,PLCB1,REST,AMOT,ZNF536,MAML3,COL8A1,ZC3H4,INTS6,RUNX2,GATAD2B,MXI1,ORC4,DPP10,TRPM3,EGR3,DUSP5,HNRNPH3,CLDN2,CBL,NXN,TOB2,AMOTL1,PDZD8,IRS1,ATXN1,TIMP3,SPRED1,GREB1,SHPRH,EXOC5,FLJ44635,FZD7,NHS,GTF2A1,AUTS2,ST3GAL5,MED12L,UTRN,EHBP1,NR5A1
33	yetfasco-2068	0.0565147	3.27427	M1		BCL11B,IFFO2,NR4A3,NR4A2,JUNB,GABPB1,ARID4A,GLI3,MLLT3,ZNF503,DUSP6,DLL1,MYC,JARID2,XRCC5,LEF1,CDK17,KCNK9,USPL1,WDFY3,GTF2A1,SATB2,HECTD1,ENC1,ABR,PLEKHA1,TMEFF2,CDH2,PPP3CA,SV2C,MGA,ESRRG,SEMA6D,TSC22D1,PRRX1,TJP1,WNT11,ETV5,ETV4,LRRC4C,TLE1,MED12L,HLF,SLC30A1,ARID5B,DAB2,ZMYM2,FNDC3A,CPT1A,EEF1G,JMJD1C,FGF9,COL12A1,RHBDL3,TLE3,RORB,FARP1,FOXL2,TRIB2,IRS1,ST6GALNAC5,EML6,NAP1L1,SPRY2,PDZD8,NETO2,CSGALNACT2,FBN1,NR5A1,ZFAND6,CHL1,AMOT,TTBK2,DIP2C,SLC39A10,TSHZ1,HMX3,PTP4A1,AKAP5,USP3,TMEM184C,CADM1,TSC22D2,DCUN1D4,B3GALNT2,ACAN,HTRA1,EHBP1,KIF5C,SPTBN1,FLRT2,AUTS2,NTM,TBX3,FERMT2,LAMA2,KRAS,VGF,CTNNB1,EGR3,SLIT2,HOXC10,C2orf27A,SLC12A2,CTBP2,STK39,JAG1,SMAD7,MID1,TUBB6,PTPRS,ANTXR2,MXI1,ZNF521,FOXN3,DKK1,MAPK1,DAAM2,BMP4,SYNE1,NKD1,REST,FANCC,NHSL2,NRP1,RUNX2,CDC42EP3,TSHZ3,ADARB1,PBX3,QSER1,PI4K2A,COL11A1,HERC1,BMPR1A,SEPHS1,FAM114A1,ZNF618,LIFR,SLC7A1,MBOAT2,LGR5,RAPH1,RFX3,ATXN1,PRKD1,FBXO34,DACH1,LAMC1,UTRN,NDE1,NMT2,FN1,HAS2,WWTR1,NPNT,SETX,ADAM10,TRAPPC6B,GAB2,TNFRSF19,SIN3A,HOXA11,FOS,MARK1,SMAD4,NFIX,ITGA9,DOC2B,CDK6,VCAN,RNF152,MAPK1IP1L,ZBTB2,ETV1,SLC16A2,SPIN1,LMNB1,SLC44A5,BGN,ARL5B,USP34,KLF14,ZNF292,KCNK2,VIM,CCNI,SPRED2,GDF10,ZC3H14,INPP4B,CDKL1,TOB1,OTUD4,SLC23A2,ANKRD12,NIN,UST,FBN2,SPRY4,TET2,ZNF148,PIP5K1B,ISM1,AHNAK,ERN1,RORA,KLF3,ZNF711,ZNF652,RSF1,SGCE,GJC1,MAML3,ZNF462,PTEN,NOTCH2,CORIN,EFNA3,GREM2,BMPR2,ANO4,CCND1,INPPL1,RCOR1,TCF7L2,CSRP2,DPYSL2,SHROOM4,CHIC2,RELN,EXT1,ZNF536,XPO1,MYEF2,ATP1B2,UBE3A,ZNF410,PBX1,FGF12,BMS1,DLC1,LCOR,TGFBR1,GAS2L3,SOAT1,NDEL1,TSPYL4,CA2,NOSTRIN,FZD7,SULF2,SORBS1,KLHL5,RNF24,MYADM,FRMD6,SMCHD1,ASTN1,PCGF2,PIKFYVE,HSPD1,CBL,SHOC2,PDZRN3,LTBP1,ZNF280C,ASXL1,FBXL7,AXIN2,TIMP3,DGKD,SOBP,FAM171A1,FMNL2,KCTD1,TDP1,NHS,SMYD2,RAB30,PLD5,DCN,SORCS2,ST8SIA5,RBFOX2,TOB2,TMEM108,NXN,HECTD2,HERC4,TASP1,ATL2,CLSTN1,STRN3,MXD1,YAP1,TRAM2,TNFSF4,REV1,EDNRB,ARHGAP42,SOCS7,PRKD3,NAB2,SH3BP4,TCF12,PTAR1,MCM5,CEP170,PPFIBP1,CASZ1,DPP10,ORC4,GPR3,BRPF3,CGNL1,ZBTB5,ADAM22,APOD,MTMR3,COL8A1,SLC22A3,ZNF827,GFRA2,PDE10A,COL6A3,SSBP4,NPPC,DYNC2H1,SESN3,VEGFA,UGGT1,ARHGAP12,HAO2,ZNF248,GNAI3,UAP1,ZC3H11A,ZBED6,CACNB2,CNOT6L,AFF3,TMEM158,GATA3,KCNJ5,ANKRD17
34	swissregulon-PAX4.p2	0.0564599	3.26731	M7	PAX4,TCF3,NR2F2,NR2F1,RREB1,KLF4,MAZ,ZNF281,ZNF444,ZNF467	AUTS2,NLK,CASZ1,ORC4,ZNF521,SERPINE2,JARID2,SPRY2,TBX3,BCL11B,ARID5B,SATB2,MAML3,CTBP2,UST,ASXL1,AMOT,ESRRG,MXI1,NR4A2,ANP32A,TSHZ1,KIF5C,RHCG,MLLT3,COL12A1,PPP3CA,COL1A1,PCGF2,WWTR1,TCF7L2,SPRY4,VSNL1,ETV5,COL6A3,SMAD7,TSHZ3,KCNK9,GATAD2B,PIP5K1B,HOXC10,FBN1,FN1,ZNF827,PBX1,SSBP4,TCF12,CSRP2,SLK,TSPAN7,ARHGAP32,GAB2
35	transfac_pro-M01677	0.0562829	3.2448	M2		GABPB1,BCL11B,ESRRG,JUNB,AUTS2,LRRC4C,TSHZ1,SPRY2,ZNF462,GLI3,SEPHS1,FOXL2,NR4A3,TLE1,ETV4,AMOT,SV2C,VCAN,RUNX2,NR4A2,TCF3,SCAF1,ANP32A,PLEKHA1,LEF1,KCNK9,DAB2,WNT11,MYC,C2orf27A,FLRT2,BMPR1A,HLF,TSHZ3,CCND1,FRMD6,HSPA13,KIF5C,MAML3,CNOT6L,BMP4,DLL1,CTBP2,CTNNB1,COL12A1,COL18A1,FOXN3,SMAD4,PTPRS,TLE3,EXT1,VIM,KLHL5,ZFAND6,ZFP36L1,CCNI,APP,FANCC,MBOAT2,ZNF521,GNAI3,RCOR1,ETV1,ZNF184,FN1,TCF12,FGFR2,TBX3,PRR12,CDK6,DKK1,NRP1,ZMYM2,DUSP6,PRKD3,MID1,ZNF618,SATB2,ORC4,CDK17,RFX3,HNRNPH3,SEMA6D,ETV5,TCF7L2,PDE10A,HOXA11,FOXD1,TET1,ZNF536,SULF2,FNDC3A,MLLT3,DCUN1D4,CASZ1,ARID5B,HERC1,RAPH1,NETO2,CSRP2,XPO1,HAS2,SIN3A,LAMC1,USPL1,PRKD1,SPRY4,DACH1,ZNF410,SMAD7,KCTD1,VSNL1,SOBP,FBXL7,CWF19L1,DDHD1,PRRX1,NUP188,NIN,NHS,LDB2,RORB,SPTBN1,TNFRSF19,SPIN1,USP3,GK,NDE1,FERMT2
36	transfac_pro-M01092	0.0556349	3.16243	M5	NANOG,SOX4,SOX11	TLE3,ZNF521,FZD7,MID1,TBX3,PBX1,SMAD7,TSHZ3,TLE1,HOXA11,ZNF503,PRRX1,DKK1,ZC3H4,GLI3,WNT11,HES1,FMNL2,DUSP6,HERC1,CTBP2,CASZ1,LMNB1,CCND1,ESRRG,LRRC4C,BCL11B,TNFRSF19,TSPYL4,AMOT,FN1,ATXN1,TTBK2,CGNL1,PTBP2,VCAN,ZNF618,WIF1,SEPHS1,COL8A1,AXIN2,SATB2,CACNB2,NR4A2,MXI1,SPRED2,PPP3CA,PDZRN3,MLLT3,CTNNA2,GATA3,GATAD2B,MARK1,HAS2,ZFP36L1,RBPMS2,NTM,TAB2,LGR5,LEF1,EML6,MCC,FERMT2,FAM169A,TRPM3,CDK17,CDH2,HAO2,KIF5C,KLF3,ZNF462,NHS,TSHZ1,AUTS2,ARID5B,TCF12,HOXC10,PRKD1,YAP1,KDM4B,LAMA4,NIN,SH3BP4,TOB1,SLIT2,SOBP,NKD1,CADM1,LIFR,NLK,HNRNPH3,RBFOX2,NR4A3,COL6A3,NFIX,STK39,QPCT,SPRY4,DCN,DACT1,TET2,PDE10A,SIN3A,SEMA6D,TRIB2,CDK6,BMP4,RFX3,FBN1,ASTN1,FLJ44635,MAML3,DNAJC10,REV1,MOXD1,RNF24
37	transfac_pro-M02926	0.0555802	3.15547	M7	TFAP2E	ZNF521,ZNF618,LRRC4C,CASZ1,BCL11B,ZFP36L1,SMAD7,TSHZ3,RUNX2,LDB2,PRRX1,NXN,ZNF536,TCF7L2,SPRY2,ESRRG,TBX3,TLE3,CDK17,NDE1,SEPHS1,AUTS2,ZNF827,UGGT1,COL8A1,ZC3H4,FN1,FZD7,FNDC3A,GREM2,JARID2,TRPM3,MID1,STK24,RORB,CTNNB1,MLLT3,FLRT2,SEMA6D,CGNL1,FOXN3,MYC,CNTN6,CTBP2,PBX1,TSHZ1,COL6A3,UST,HAS2,ZNF462,SPRY4,FBN1,GATA3,NPNT,VCAN,GATAD2B,KLF3,AMOT,RFX3,MAML3,SESN3,JAG1,CHL1,NRP1,BRWD3,ORC4,PLEKHA1,NHS,EGR3,PPFIBP1,RASSF3,HOXC10,MGA,GABPB1,PI4K2A,CADM1,PLCB1,CCND1,NR5A1,ETV1,RAB30,TAB2,MXI1,FAM171A1,SATB2,HLF,TCF12,SEC23A,INPP4B,ETV4,ZNF503,SLC39A10,TOB2,NR4A3,CLSTN1,LGR5,CNOT6L,ABI2,IRS1,GLI3,HES1,SLIT2,TET2,RORA,CACNB2,CDH2,QPCT,TMEM108,COL12A1,LEF1,DGKD,MCF2,PDZRN3,FOXL2,ANP32A,PCGF2,LTBP1,EP300,ERH,KDM5B,PRELP,YAP1,ATXN1,FMNL2,KCTD1,GPR3,PTPRS,UTRN,KIF5C,DACH1,APP,C2orf27A,CBFB,RBFOX2,PGM5,ANKRD44,CHN1,KDM4B,TNS1,MOXD1,CCNI,XPO1,FGF12,BMP4,DLC1,FOS,DPYSL2,SPRED2,PDE10A,MED12L,SLC35F1,SMNDC1,NR4A2,PRKD1,AQP9,HERC4,PIP5K1B,CHSY1,HNRNPH3,AKAP5,ADAM10,BRPF3,USP3,TMOD3,EML6,GPSM2,PPP4R1,MCC,DKK1,SYTL2,SORBS1,SPTLC2,SIN3A,TACC1,DLL1,EDNRB,TLE1,WNT11,MYADM,RNF24,KLHL5,HERC2,TET1,SSBP4,SNAI2,NAP1L1,FOXD1,ZNF280D,DDX50,CDH13,SPTBN1,ADAMTSL1,SRSF1,ZC3H14,ZNF292,IRF2,ARHGAP12,OTUD4,TEC,NLK,TMTC1,TSC22D1,ABR,ANXA5,RCOR1,EPC2,GTF2A1,FRMD6,LMNB1,DUSP6,CD83,ZNF652,CTDSPL2,USP34,LRRC17,VEGFA,PIKFYVE,BTAF1,DCN,VGF,REV1,ASB4,ETV5,DAB2,INPPL1,TRIB2,HOXD11,PTPN9,KLF14,ASXL1,GNAI3,DIP2C,ARID1B,DAAM2,BMPR1A,IKZF5,RNF152,ZNRF3,HECTD2,PTBP2,TJP1,UBE3A,SMYD2,ZMYM2,GAB2,SLC23A2,PIAS3,INTS6,PPM1A,NFYA,FAM169A,CTNNA2,EGR1,PCGF5,EFNA3,PPAT,HS3ST5,BNIP2,GAS2L3,SETX,DPP10,CPT1A,WIF1,ZBTB2,USPL1,PTAR1,EHBP1,PTPRF,REV3L,NOSTRIN,GREB1,STK39,CHRNA5,CLDN2,PPP3CA,HERC1,COL11A1,TCF3,ZNF609,SGCE,HAO2,OLFM2,FGFR2,ZNF148,PDE7B,STX6,BMPR2,TIMP3,ANTXR1,NKD1,CSNK1G1,TSPYL4,DGKA,CAMK1,PPP3R1,ARPC2,RPRM,NIN,FARP1,REST,SOCS4,TNFSF4,APOD,SV2C,ENC1,WWTR1,KLC1,ATL2,UGCG,TTBK2,RBPMS2,SLC25A15,AGTR1,VIM,SMCHD1,NETO2,PIAS2,BICC1,KRAS,CA2,FGF9,SLK,DOC2B,FBXO34,SNX25,ZNF711,SPIN1,SHOC2,LRRC38,EIF2S1,AXIN2,CEP170,CHD8,UBE2Q2,CDK6,CBL,IFFO2,NFATC4,ELAVL1,ACAN,SOAT1,SMS,SERPINE2,HOXA11,ZNF410,SAP130,ZC3H11A,MFHAS1,ARID5B,ZBED6,BICD1,VSNL1,SMAD2,NOC3L,KHDRBS2,RGS7,ERN1,CTHRC1,CREM,NHSL2,TNFAIP3,AFF3,ZFAND6,ATE1,LRP6,MARK1,ESYT2,SLC22A3,MTMR3,RAI1,AMOTL1,KCNK9,TNKS2,SOBP,SPRED1,C3orf70,NID2,GK,ANKRD50,ZBTB5,LOC145474,SLC44A2,SOCS7,ANKRD12,TIAL1,AHNAK,LAMC1,CHIC2,NTM
38	transfac_public-M00355	0.0554232	3.13552	M6		JARID2,ZNF521,SEPHS1,TBX3,FN1,PBX1,HOXA11,PRRX1,SPRY2,ZC3H4,DUSP6,SATB2,ZFP36L1,FZD7,GPR3,CADM1,MYC,AUTS2,GATA3,SMAD7,VCAN,ARID1B,SPRY4,GTF3C4,DLL1,TLE3,GTF2A1,ZNF536,CDK6,MARK1,KLF3,CTBP2,NHS,AMOT,FNDC3A,CGNL1,ORC4,REST,JAG1,CASZ1,BMP4,CHL1,ADAMTSL1,ZNRF3,LAMC1,ENC1,FRMD6,CDH2,FBN1,GLI3,CDK17,FMNL2,EHBP1,COL8A1,DPP10,FOXN3,MID1,MCC,ATXN1,AXIN2,NR4A3,CCND1,TRPM3,C3orf70,CPT1A,NLK,EGR3,INPPL1,ESRRG,USP3,AKAP5,CD83,ANKRD12,PLEKHA1,CTNNB1,SMNDC1,BCL11B,FGF12,TET2,SESN3,SLIT2,PCP4,RFX3,ZNF462,NIN,DKK1,ARID5B,LEF1,UBE2Q2,GREB1,TET1,NOTUM,SEMA6D,ISM1,NTM,TLE1,NHSL2,SV2C,HERC2,EDNRB,WNT11,NR4A2,KCNJ5,RUNX2,RBFOX2,SYTL2,MLLT3,MBOAT2,PEAK1,LGR5,QRFPR,CHSY1,ANTXR1,CCNI,PRELP,BMPR1A,AGTR1,QPCT,ZNF503,MXI1,FBXL7,CTNNA2,PRKD3,TRIB2,AMOTL1,GREM2,ETV4,AFF3,ZC3H14,OLFM2,GPSM2,DLC1,RORA,STK39,REV1,MCF2,LRRC4C,PPP3CA,FLRT2,LMNB1,ZBTB2,C2orf27A,AQP9,LAMA4,RNF152,LTBP1,CEP170,RCOR1,ZNF280D,KIF5C,ZNF827,MFHAS1,ACAN,VEGFA,PPFIBP1,SSBP4,FAM169A,PLCB1,ARHGEF6,GAS2L3,CHD8,SORBS1,TOB2,TCF7L2,CNOT6L,CLDN1,LAMA2,DPYSL2,ANP32A,TAB2,FCHSD2,ARHGEF12,DCN,LIFR,SHROOM4,COL11A1,DGKD,FBN2,DNM3,RAI1,TOB1,TJP1,PCGF5,TSHZ3,SPRED1,MXD1,INPP4B,CDC42EP3,HOXC10,PTAR1,MOXD1,CSRP2,TRAM2,NRP1,GABPB1,HES1,ZNF280C,MAML3,ABCE1,CREM,DACH1,PRR12,GAB2,HAS2
39	flyfactorsurvey-CG7368_SANGER_5_FBgn0036179	0.0552809	3.11742	M2	ZNF444,ZNF467,MTF1,MZF1,SREBF1,ZNF740,MAZ,CHURC1,KLF4,ZNF281	ZNF521,VGF,BCL11B,BMP4,CASZ1,COL1A1,ESRRG,RORA,LRRC4C,ZNF618,KCTD1,ZNF462,SPRY2,RUNX2,TCF7L2,SATB2,TBX3,RAB30,ORC4,TSPAN7,HES1,CTNNB1,GLI3,EFNB1,ACTN1,NR4A2,PCGF2,FLRT2,HOXD11,LAMC1,FN1,EGR3,ETV5,TLE3,TOB2,COL11A1,RAPH1,SLC44A5,AMOT,SMAD7,NRXN2,RSF1,ETV1,TMEM108,TSHZ1,WWTR1,MYC,MXI1,LIFR,PIP5K1B,PBX1,AUTS2,OLFM2,FZD7,JAM2,HOXC10,KIF5C,GATAD2B,RAB11FIP2,FMNL2,FOXN3,ABI2,SV2C,ZFAND6,GNAI3,CGNL1,DKK1,CDC42EP3,IRS1,DAAM2,ZNF827,GATA3,NFIX,TLE1,CREM,ZNRF3,MID1,PRELP,CTBP2,TAB2,COL12A1,MBOAT2,FRMD6,AXIN2,PEA15,FGF9,SPRY4,ATXN1,TSHZ3,NLK,YAP1,BTAF1,RFX3,ZNF292,KCNK9,GNL1,ARID1B,NR4A3,CTNNA2,ERN1,TCF12,JMJD1C,EP300,VCAN,BMPR2,USP3,SV2A,TSC22D1,ETV4,SESN3,TNFRSF19,CDK6,ANTXR1,NETO2,CPT1A,FLJ44635,ANP32A,COL8A1,SOBP,QSER1,PPM1A,SMAD4,PRRX1,PPFIBP1,BRPF3,TET1,FKBP10,SPRED2,SEMA4G,PTPRF,TCF3,SORBS1,SPRED1,RBFOX2,ABCB4,FGF12,DACH1,DPYSL2,ARID5B,YME1L1,KDM5B,REV3L,KRAS,RC3H2,NR5A1,ZC3H4,RNF24,TOB1,AHNAK,CREBZF,UAP1,SEMA6D,INPP4B,NTM,SORCS2,PGR,MGA,GAB2,DCN,TRPM3,SRSF12,AKAP5,DTX3,LEF1,DUSP6,ANTXR2,PBX3,TRAM2,SYNE1,APP,NFATC4,NOTCH2,BGN,REST,HNRNPH3,SLC2A1
40	yetfasco-1425	0.0551878	3.10559	M2		JUNB,CDK17,ARID5B,BCL11B,TAB2,ESRRG,IRS1,ZBTB2,HMX3,TSHZ1,GABPB1,CCNI,AUTS2,VGF,SIN3A,FRMD6,FZD7,CTBP2,CCND1,LRRC4C,SEPHS1,PRR12,ANP32A,GATA3,SLC44A5,TSC22D1,EFNA3,CADM1,NR4A3,SV2C,PTEN,EGR3,NHS,ZC3H4,UST,XPO1,HES1,BMPR2,JARID2,NOTCH2,DTX3,HOXC10,TSC22D2,ZNF148,ORC4,RORA,GPSM2,ZNF462,ZBTB5,JAG1,KRAS,PCGF2,ZNRF3,SMAD7,SPRED2,ZFP36L1,C2orf27A,MAML3,AXIN2,SATB2,RUNX2,HERC1,DCN,RHCG,NFIC,PTPRS,CASZ1,ZNF521,DKK1,AMOT,KCTD1,LEF1,TRIM28,ETV5,LCOR,SULF2,CSRP2,MYC,NDE1,GAS2L3,DUSP6,NOVA2,EGR1,CREM,ENC1,FNDC3A,RFX7,ETV4,DACT3,NKD1,LDB2,RFX3,SEMA6D,SPRY2,ANTXR1,BRPF3,PLEKHA1,VSNL1,SLC39A10,AHNAK,ETV1,MID1,NRXN2,NFATC4,ZNF652,MGA,TBX3,KLHL5,PIP5K1B,ZNF618,SHROOM4,ABR,CTHRC1,WNT11,UBE3A,GFRA2,CTNNB1,EHBP1,SEC23A,CPSF2,RBFOX2,TET1,ZFAND6,HAS2,PTP4A1,QSER1,FGF9,KCNK9,USP3,TRPM3,NR5A1,ANKRD12,COL11A1,INTS6,ZMYM2,COL1A1,NR4A2,IQSEC1,FOXN3,PPFIBP1,CDH2,TLE1,NIN,TCF3,PTPRF,ABCB4,SLC23A2,TCF12,ZNF827,DPP10,SV2A,FN1,NPNT,TSHZ3,PFKFB3,FERMT2,MXI1,YAP1,TNFRSF19,CHSY1,PRELP,CNTN6,ABI2,PBX3,ZNF680,DAAM2,HERC4,RASSF3,NLK,TOB2,GLI3,USP34,DNM3,SPTBN1,STK39,FCHSD2,TACC1,MAX,FOS,ABCE1,ZNF280A,TRAPPC6B,FAM107A,MAZ,SESN3,RCOR1,CTNNA2,NRP1,ATXN1,CDK6,LAMA2,TLE3,TET2,TSPAN14,KCNJ5,SBK1,MYADM,LIFR,SOBP,CDC42EP3,SLC7A1,LRRC38,SPRED1,TCF7L2,FGFR2
41	transfac_pro-M01800	0.0549268	3.07241	M7		ZNF618,BCL11B,CCND1,ZNF521,SMAD7,LRRC4C,CDK17,NDE1,MYADM,GATAD2B,MAML3,ZFP36L1,SEPHS1,TCF7L2,ZNF536,RUNX2,RASSF3,ZNF503,ESRRG,GABPB1,CASZ1,TOB2,PTPN9,AUTS2,JARID2,TBX3,HOXA11,PRRX1,ZNF827,TLE3,XPO1,GJC1,SLC44A2,CTBP2,SIN3A,CTNNB1,STRN3,LMNB1,USP34,UGGT1,SPRY2,ZNF652,UBR1,KDM4B,TACC1,CGNL1,SLK,SLC23A2,KLF14,KLC1,NR4A3,DUSP6,ETV4,PLEKHA1,GTF2A1,HAS2,CLSTN1,SPRY4,TET1,EGR1,SSBP4,CNOT6L,SETX,HERC4,CAMK1,ZC3H14,FBN1,GPR3,ABI2
42	transfac_public-M00486	0.0546293	3.03458	M6	PAX2	SEPHS1,DUSP6,DACH1,NDE1,SMAD4,DACT1,CCNI,FN1,HOXC10,NR4A3,MLLT3,NFIX,ZFP36L1,MID1,KDM5B,TET2,ZNF618,CTBP2,TLE3,MXI1,FRMD6,CDK6,ZNF521,GLI3,DPP10,TNFAIP3,ETV5,LDB2,PPFIBP1,ESRRG,DKK1,TBX3,ETV4,MCC,ARID1B,TLE1,DUSP5,LEF1,STK39,VCAN,FGFR2,DAB2,PLCB1,BMP4,TCF12,CLDN2,MAML3,DLL1,TRPM3,FERMT2,PPM1A,CPT1A,PTBP2,CADM1,STK24,AMOT,GAS2L3,SERPINE2,AFF3,SPRY2,RUNX2,TNFRSF19,KLF3,HNRNPH3,USP34,AXIN2,NR4A2,TCF7L2,CDC42EP3,SATB2,HES1,OTUD4,COL8A1,SMAD2,FBN1,NPNT,NTM,SULF2,GPSM2,ZNF280D,REST,INTS6,ACTN1,ENC1,GATAD2B,PLEKHA1,TACC1,FMNL2,DLC1,QSER1,ADAMTSL1,GATA3,EGR3,TDP1,FLRT2,ANO4,SLIT2,SPRED2,LAMA2,CHN1,JAM2,UST,FGF12,NHS,UTRN,SLC12A1,NRP1,GAB2,LIFR,LTBP1,TJP1,CCND1,CTNNB1,NFYA,ASXL1,JAG1,TTBK2,PRELP,CTHRC1,SLC39A10,HAS2,ZC3H4,BCL11B,RBPMS2,SLC30A1,SPTBN1,BTAF1,RHBDL3,ATXN1,PDE10A,CA2,HMX3,BMPR1A,TSPYL4,KCNK2,SIN3A,SESN3,TOB1,ISM1,KCTD1,CDH2,WNT11,ARL5B,USPL1,TMTC1,ANP32A,REV3L,RNF152,PDZRN3,EPC2,MCF2,TCF3,LRRC4C,RAPH1,AGTR1,CTDSPL2,NKD1,HOXA11,SEMA6D,SPIN1,USP3,FOXD1,C2orf27A,ZNF462,BRPF3,PGM5,ZNF503,WWTR1,SH3BP4,ACAN,PRKD3,FOXN3,LAMA4,ZBTB2,FNDC3A,SMAD7,HERC4,YAP1,VIM,UGCG,TET1,MGA,SORBS1,TSHZ3,C3orf70,PRKD1,RC3H2,RORA,FZD7,ASB4,CASZ1,NBEAL1,FAM169A,SMNDC1,DAAM2,XPO1,CNTN6,NOTUM,SLC16A2,LOC145474,ARSJ,ZC3H11A,COL12A1,CDK17,ZBED6,PBX1,CSRP2,ETV1,TRAM2,RNF24,SS18,ST6GALNAC5,ORC4,SHROOM4,ZNF609,ABI2,TNFSF4,TMEM108,RAB30,SHOC2,PHLDA1,PBX3,RELN,ZNF536,HTRA1,PLD5,ZBTB5,ABR,PPP4R1,SLC44A5,ZFAND6,MYLIP,ANKRD44,TAB2,SPRY4,SUFU,FAM114A1,RFX7,RBFOX2,KCNJ5,PCGF2,MMP12,ANKRD50,PPP3R1,COL6A3,PARG,CHIC2,RPS3,RASSF3,ZNRF3,PPP2R5C,TIMP3,JARID2,IRF2,NOSTRIN,NXN,SLC7A1,NDEL1,ZNF827,TIAL1,KIF5C,BICC1,HAO2,KLC1,AKAP5,MYEF2,MAP4K5,TSPAN14,SOCS7,LRRC38,SPRED1,PTPRF,CNOT6L,AGPS,ZDHHC20,TM9SF3,CGNL1,DDHD1,NAB2,FLJ44635,ERN1,CACNB2,NR5A1,NOTCH2,ADAM10,DIP2C,SYTL2,JMJD1C,MFHAS1,SAV1,TSC22D1,AUTS2,ZNF652,UGGT1,INPP4B,CHSY1,VPS13A,LGR5,MXD1,AQP9,RGS7,CREM,LRP12,TSHZ1,KCNK9
43	transfac_pro-M02816	0.0545326	3.02229	M5	TCF7L1,TCF4,LEF1,TCF7L2,TCF3,TCF7,SOX4,SOX11	SMAD7,TSHZ3,TSHZ1,CACNB2,NKD1,SLC7A1,MID1,TLE1,PPP2R5C,DKK1,BMP4,WNT11,WWTR1,ABR,RNF152,TNFRSF19,FZD7,CASZ1,ZNF827,ASXL1,NFATC4,DACT1,ZNRF3,ETV1,LIFR,MXI1,CDH13,AUTS2,AXIN2,NOTUM,HERC1,RBPMS2,CD83,PLEKHA1,GREB1,ANO4,MARK1,FERMT2
44	taipale-NCCCCCCCAC-ZNF740-full	0.054372	3.00187	M2	ZNF740,ZNF444,ZNF467	ZNF521,CASZ1,SPRY2,VGF,RUNX2,BCL11B,TSHZ1,SV2A,COL1A1,ZNF462,RORA,ACTN1,ARID5B,MXI1,NLK,NR4A2,AMOT,TBX3,BMP4,ZNRF3,GLI3,RBFOX2,CGNL1,TRPM3,TLE3,CTBP2,EFNB1,ORC4,KANK2,ZNF618,TCF3,ESRRG,AUTS2,C2orf27A,FLRT2,LRRC4C,ADAMTSL1,PCGF2,CREBZF,SMAD4,ETV5,TOB2,RFX3,FRMD6,RSF1,PBX3,PBX1,ZNF292,HAS2,NRXN2,RFX7,ZFAND6,PRR12,RAPH1,TCF7L2,LAMC1,KCTD1,PPFIBP1,SMAD7,NKD1,PTPRF,JARID2,MAML3,SEMA6D,MGA,LCOR,GNAZ,TMEM108,RAB11FIP2,ZNF148,COL11A1,RC3H2,PTPRS,CACNB2,NFATC4,FN1,RNF24,PEA15,ZNF536,ZFP36L1,CSRP2,NR4A3,DAAM2,CTNNB1,SATB2,SEPHS1,ABR,NOVA2,ETV1,ANTXR1,GATAD2B,SLC44A5,PLEKHA1,UBE3A,USP3,EFNA3,CDC42EP3,JUNB,VSNL1,ZNF827,AXIN2,REV3L,RAB30,RNF152,LDB2,TSHZ3,CCNY,TET1,LIFR,COL12A1,FGF12,TNS1,HES1,HOXD11,SLC7A1,ADARB1,ZC3H4,NFIC,AGTR1,AHNAK,PRKD1,SPRED2,TMOD3,CLDN1,KCNK9,NETO2,TET2,DNAJB5,MYC,CCND1,FGF9,FGFR2,SBK1,OLFM2,TIMP3,ETV4,VEGFA,MLLT3,NR5A1,CNTN6,DCN,FNDC3A,NRP1,SULF2,NFIX,UTRN,MID1,FOXN3,RHBDL3,EPC2,FBXO34,PIP5K1B,ABI2,DAB2,EGR3,LEF1,KIF5C,SPRED1,GNL1,IRS1,DPP10,PTMS,WWTR1,FMNL2,CPT1A,TSC22D1,SLK,UBE2QL1,TSPAN7,SMAD2,TCF12,ATXN1,ZBTB2,SPRY4,NMT2,CRYBA4,YAP1,QSER1,HOXC10,CDK6,KLHL5,BTAF1,CLDN2,HERC1,MAX,CDH13,JMJD1C,YME1L1,SESN3,KDM5B,DKK1,TAB2,ST3GAL5,DPYSL2,MED12L,LRP12,TJP1,ZNF680,RBPMS2,UAP1,SLC23A2,ANP32A,VCAN,MLLT1,KLF3,C3orf70,NAP1L1,TASP1,VIM,DACH1,ASXL1,FZD7,MCC,COL4A2,ENC1,CREM,CTNNA2,FAM107A,ANO4,SLC39A10,KCNK2,BICC1,EP300,GAB2,ZC3H11A,ZBED6,NHS,BRWD3,PFKFB3,KRAS,SEMA4G,ARL5B,BRPF3,NAB2,DTX3,SPTBN1,PIKFYVE,GAS2L3,GFRA2,NTM,CDK17,PDZRN3,CORIN,ZNF652,PRRX1,DUSP6,FARP1,STRN3,ST6GALNAC5,TRAM2,MBOAT2,INPP4B,CHIC2,HECTD2,TOB1,TRIB2,IKZF5,FAM171A1,EXT1,PDE2A,SLC25A15,COL8A1,HAO2,TLE1,OTUD4,PRKD2,CCNI,CHD8,ARHGEF6,MARK1,CHN1,AMOTL1,HERC4,BMS1,SOAT1,YLPM1,SORBS1,ITGA9,SOBP,UGGT1,WNT11,BGN,LTBP1,NIN,PPP2R5C,WNT4,NXN
45	transfac_pro-M01097	0.0543665	3.00117	M6		SPRY4,SEPHS1,MAML3,ETV5,ETV4,CCND1,CTBP2,DUSP6,DLL1,TBX3,ZNF521,AUTS2,SPRED2,GPR3,RUNX2,SATB2,PTBP2,NR4A2,FN1,NR4A3,PTP4A1,PBX1,WNT11,FRMD6,KDM4B,MXI1,MYC,FMNL2,ZNF618,ZFP36L1,TLE3,SS18,ESRRG,RORB,HOXA11,SMAD7,ZNF536,LRRC4C,REV3L,GTF2A1,RFX7,ASXL1,GABPB1,MID1,RFX3,SPIN1,CHN1,DAAM2,TAB2,RORA,CDK6,KDM5B,MCOLN3,SLIT2,AMOT,ATXN1,NFIX,ENC1,AFF3,SEMA6D,UTRN,BMP4,NAP1L1,HES1,BCL11B,TCF7L2,FOS,JARID2,INTS6,HOXD11,ACAN,ZNF827,FERMT2,COL8A1,VIM,ARID5B,NDE1,TRIM28,NIN,AGTR1,MLLT3,SPRY2,PLCB1,NRP1,TET1,ADARB1,EFNA3,RBPMS2,FZD7,HERC1,BTAF1,TET2,DPP10,CHL1,ANP32A,TIMP3,LTBP1,NR5A1,HERC4,EGR3,RGS7,PCGF2,GLI3,FARP1,ORC4,ABI2,HNRNPH3,IRS1,NBEAL1,SERPINE2,SULF2,VCAN,SPTBN1,CADM1,SH3BP4,NHS,FBXL7,INPPL1,TSC22D2,UBE3A,JUNB,CTNNB1,ABR,SLC30A1,KCTD1,TJP1,USP3,SMAD4,CCNI,TRPM3,ANTXR1,MCF2,NCBP1,INPP4B,VEGFA,NPPC,PRKD1,CDC42EP3,SEMA4G,PBX3,TRIB2,TNFAIP3,ZRANB1,ETV1,DACT1,CPT1A,CLDN2,NXN,NTM,CGNL1,MYADM,AXIN2,JAG1,ARHGAP12,AMOTL1,FNDC3A,SLC39A10,SAP130,SLC23A2,GPSM2,ZNF462,GAB2,CA2,GATA3,KCNK9,AQP9,EGR1,HMX3,KCNJ5,UST,ARHGEF6,PDE10A,CHSY1,PPP2R5C,LDB2,SLC30A10,SLK,PPP3R1,CACNB2,KLHL5,PDZRN3,HLF,NMT2,UAP1,FOXN3,C2orf27A,STK39,TSHZ3,DIP2C,TMTC1,SMNDC1,RASSF3,SMS,TOB2,ANKRD12,XPO1,GATAD2B,QSER1,KCNK2,OLFM2,ZNRF3,REV1,TNFSF4,ARID1B,GREM2,ZMYM2,ANO4,REST,CDK17,SIN3A,CASZ1,IFFO2,ISM1,IRF2,LEF1,DOC2B,TACC1,RALBP1,GAS2L3,TCF12,APP,SLC2A1,ADAMTSL1,HOXC10,KLF3,PPM1A,ADAM22,CNOT6L,PLEKHA1,FGF12,TM9SF3,LMNB1,SMAD2,FAM169A,USP34,HAS2,LAMA4,ZBTB5,NIPA2,FGFR2,TNFRSF19,TTBK2,LAMC1,PCGF5,TSPYL4,GREB1
# Rank	Track id	AUC	NES	ClusterCode	Transcription factor	Target genes
1	wgEncodeHaibTfbsH1neuronsNrsfV0422111PkRep1.broadPeak.gz	0.044071	4.03728	T1	REST	GABPB1,CADM1,EFNA3,ZNF462,SBK1,ZNF521,ZNF292,GTF2A1,TOB2,NR4A3,DDX50,MDC1,LMNB1,IER2,EGR1,MAML3,DUSP6,FOS,PTMS,BCL11B,FSCN1,SEMA6D,DPYSL2,CDH2,LRP6,HDAC2,TRIB2,RFX3,RBM7,VCAN,ZNF503,PCGF2,BMPR2,PTP4A1,TOB1,TSC22D1,CEP170,KDM5B,ZC3H4,VGF,PTEN,REV3L,HNRNPH3,PBX3,PTPRS,RAI1,SPRED2,HECTD2,NCBP1,ATXN1,MXI1,ANP32A,KLHDC2,ANKRD50,CCNI,TTC3,CPSF2,TLE3,TSC22D2,APP,SPTBN1,EEF1G,PNMA2,SGCE,TSPAN7,ARID1B,STRN3,EP300,WAC,ORC4,TET2,SNORA57,PLK2,MAPK1IP1L,KIF5C,SLC12A2,RBFOX2,TLE1,TTC21B,SNORD46,PPP2R5C,ZBTB2,CNOT6L,CHN1,APEX1,ENC1,ZNF711,YLPM1,PPM1A,NRP1,NIN,WDFY3,DNAJB5,INTS6,MXD1,ATE1,SPIN1,DNM3,RNF24,PDZD8,HERC1,DLL1,SNORD26,GAB2,SLC2A1,EXOC5,CTNNB1,SMARCA4,QSER1,ABI2,YME1L1,BMS1,GNL1,SIN3A,CSGALNACT2,ZBTB5,NUP188,CDC42EP3,CDK17,MYADM,ZMYM2,RPS3A,RCOR1,GFRA2,HSPA13,RSF1,CREBZF,DBN1,INVS,LCOR,PDE10A,FCHSD2,MGAT2,SMC3,SOBP,KLC1,MYEF2,TCF12,RNF152,HECTD1,ANKRD17,CREM,FNDC3A,PFKFB3,PSPC1,TSPYL4,USP3,LSM14A,BTAF1,TACC1,UBE3A,ZNF148,RMRP,TRAPPC6B,ESYT2,ASXL1,EGR3,BMPR1A,TMEFF2,RUFY2,FGF9,ZNF460,NAP1L1,PPP3R1,ARL5B,SV2A,DCUN1D4,SNORD15A,RPS3,PRR12,TUG1,SORBS1,RAB30,RELN,SUV39H2,SLC16A2,PTBP2,PPP3CA,EPC2,TTLL5,ANKRD12,SMAD4,LTN1,DHX9,NFYA,JMJD1C,LRRC49,BICD1,USP34,DACT3,EHBP1,RPL18A,B3GALNT2,EFNB1,USPL1,BAG5,RNF138P1,PAPOLG,SEPHS1,PPFIBP1
2	wgEncodeSydhTfbsHct116Tcf7l2UcdPk.narrowPeak.gz	0.0433337	3.91825	T2	TCF7L2	COL18A1,ZNRF3,TSHZ1,SMARCA4,NR4A2,AXIN2,TLE3,TCF3,UBE2Q2,SMAD7,USP34,HAUS8,TACC1,EGR3,NOTUM,HES1,MAML3,PDE5A,FARP1,ZNF503,ETV4,YAP1,PIAS2,HSPD1,ZNF827,TIAL1,REST,TCF7L2,SORBS1,DKK1,REV1,ZNF618,SMAD2,LRP6,JRKL,EFNA3,SUFU,ZBTB2,GPR3,CLDN2,SYTL2,KDM4B,ZNF292,FNDC3A,DUSP6,TWSG1,MID1,JMJD1C,NKD1,CDK6,PRKD3,C10orf88,RMRP,SNAR-I,MBOAT2,BMS1,QRFPR,BCL11B,SMAGP,LAMC1,ELAVL1,CBL,DCBLD2,IRF2,HDAC2,DUSP5,RAVER1,NRP1,CCND1,FGF9,QSER1,WAC,FSCN1,ARHGEF12,JARID2,ABR,ZNF248,PPP4R1,ABCB4,SPRED2,WNT11,NFYA,NHS,TBX3,SNAI2,IER2,SPIN4,CASZ1,OTUD4,KCTD1,FOXN3,AMOT,MYC,PTEN,ARID1B,KLF3,ZNF680,PHLDA1,EXOC5,LGR5,CDKL1,FGFR2,CDK17,BTAF1,TPD52L1,SPRY4,SATB2,ASXL1,ESYT2,VIM,RNF24,CHSY1,MYADM,SERPINE2,SPTBN1,TNFAIP3,TAB2,TUBB6,HECTD1,CTBP2,COL12A1,RFX7,NAP1L1,NETO2,LTBP1,LSM14A,CCDC138,TLE1,TNFRSF19,CKAP2L,SMAD4,SMC3,PPP3CA,REV3L,PTPRS,LTBP4,ANKRD17,DCUN1D4,ZBTB5,ATE1,TMOD3,SUV39H2,TTC21B,ARID5B,DAB2,XPO1,ADAM17,GBE1,ZFP36L1,RFX3,ANTXR2,CTHRC1,SLC2A1,VGF,JAG1,SOCS7,MXI1,ZNF280D,PTAR1,DGKD,SF3A2,SLC30A1,MAP4K5,CSRP2,PBX3,SRSF1,SEPHS1,MDC1,RAPH1,ATXN1,FMNL2,ATL2,ZNF280C,JUNB,KHDRBS3,SLC39A9,PARD3,GMFB,ERH,TEC,HSDL1,HNRNPH3,DDX18,INPPL1,NPAT,FARSA,SCAF1,TCF12,ADAM10,SIN3A,ANKRD50,EP300,MCOLN3,PTMS,ETV1,SPIN1,ARL5B,TGFBR1,PDZD8,TSC22D1,UTRN,KDM5B,ZC3H4,CHN1,DNAJC9,NR4A3,CGRRF1,STK39,ZNF184,MTMR11,INVS,USP37,CTNNB1,HERC1,CCNI,LMNB1,LRRC49,HOXA11,UGCG,ZNF107,CSNK1G1,CLDN1,DIP2A,EFNB1,DGKA,EHBP1,ZNF236,UST,NAGS,ELK1,KIAA0586,IGFBP6,DOC2B,KIF16B,RBPMS2,KLF2,RNF217,ORC4,RALBP1,UGGT1,BMP4,HIF1AN,AGPS,ANO4,PIKFYVE,YME1L1,SMCHD1,TJP1,HSPA13,SIAH2,HOXC10,CREM,SLK,SLC25A15,KCNK9,NFATC4,BUB3,FAM169A,PLEKHA1,ARPC2,BRPF3,ETV5,ISM1,GNAI3,FAM171A1,FRMD6,GTF3C1,CNOT6L,EML6,C4orf46,ZNF410,SLC39A10,RSF1,SLC12A2,TSC22D2,SNRNP200,PIAS3,KRAS,PFKFB3,GABPB1,LCOR,RASIP1,TRAM2,TESK1,MYO9A,FKBP10,INPP4B,MXD1,FEM1A,USP3,BICD1,FBXO34,RUNX2,SNORD15A,SBK1,UBE3A,GTF2A1,FERMT2,SS18,CHIC2,B3GALNT2,TRIB2,IRS1,PPFIBP1,ABCE1,GNL1,NFIC,CEP170,SHOC2,R3HDM1,RPS3,SMYD2,RAI1,ZNF562,TDP1
3	wgEncodeSydhTfbsHek293Tcf7l2UcdPk.narrowPeak.gz	0.0422277	3.73971	T2	TCF7L2	AUTS2,AXIN2,ZNF503,ZNF827,TACC1,NKD1,TSHZ3,WNT11,TSHZ1,NOTUM,CDK6,COL4A2,ZNRF3,BCL11B,EFNA3,TCF7L2,REV1,CASZ1,DACH1,MCOLN3,TCF3,ENC1,CCND1,SMAD7,LGR5,CDH2,FLRT2,TLE3,NRP1,LEF1,HAUS8,KIF5C,APCDD1,AMOTL1,HES1,SNX25,FN1,TNFRSF19,SLC2A1,STK24,ARID5B,SMAGP,HSDL1,PBX3,ATL2,NFATC4,GAB2,PLCB1,SRSF1,DKK1,COL18A1,MCM5,EXT1,FSCN1,HOXA11,SPRED2,MID1,ZNF521,QSER1,YAP1,UTRN,CDK17,PHLDA1,SUV39H2,KDM4B,SPRY2,ZFP36L1,TBX3,TRPM3,SLIT2,TCF12,SATB2,VIM,ZRANB1,EGR3,C10orf88,LRP6,TLE1,SORBS1,FMNL2,RFX3,RASIP1,NTM,FGF12,RAVER1,NAP1L1,FBXO34,FOXN3,SMARCA4,PDE5A,PDE10A,RNF24,IRF2,RUNX2,TET1,DLC1,RPRM,PRCP,PTEN,REST,FGFR2,SPIN4,PFKFB3,NAGS,DUSP6,CBL,CA2,MTMR3,SNAI2,HOXD11,NR4A2,DGKD,SEPHS1,SULF2,HOXC10,MCC,VCAN,NHS,TM9SF3,CLDN1,ETV1,JRKL,SAV1,ZNF280D,GREB1,MARK1,ANTXR2,FKBP10,REV3L,MAML3,GLI3,SOAT1,FERMT2,BMPR2,USP34,HDAC2,JMJD1C,SUFU,KCTD1,FARP1,SMC3,TIAL1,LCOR,OTUD4,ZNF711,UBE2Q2,VEGFA,MYC,CREM,GATA3,LRRC49,SLC30A1,ATXN1,SOBP,CPSF2,ZNF248,JAG1,SLC12A2,FRMD6,BMP4,HNRNPH3,ZNF292,ZNF618,MXI1,NIN,FOS,XPO1,JARID2,CADM1,AKAP5,WWTR1,CSRP2,APP,SH3BP4,DUSP5,PBX1,ANP32A,STRN3,COL8A1,PDE7B,BUB3,SEMA6D,RC3H2,CKAP2L,SPRY4,ASXL1,R3HDM1,AMOT,BTAF1,NETO2,DPYSL2,EXOC5,ARHGEF12,ZBTB2,KIF16B,GNL1,MLLT3,EHBP1,SMYD2,USP37,FGF9,B3GALNT2,RPS6KC1,MBOAT2,DACT1,USP3,RMRP,SPTBN1,POLDIP3,DNAJC9,POLR1A,TNFAIP3,MDC1,HECTD1,MAPK1,ANKRD44,RBFOX2,ZC3H4
4	wgEncodeHaibTfbsHepg2Cebpdsc636V0416101PkRep1.broadPeak.gz	0.0405358	3.4666	T3	CEBPD	AXIN2,MAZ,ETV4,ARHGDIA,TOB2,ADARB1,SPRED2,POLDIP3,REV3L,TOB1,VEGFA,SEC23A,NKD1,ENC1,MERTK,HSPD1,FN1,HES1,NOTUM,ASXL1,TRAPPC6B,RCOR1,JAG1,NFYA,PSME2,DKK1,TLE1,FKBP10,JUNB,TBX3,ZC3H4,EPC2,SIN3A,INTS6,XPO1,USP34,MYC,BRPF3,IRF2,ZBTB2,ZNF652,PHLDA1,SNORA57,CTNNB1,LGR5,NDE1,ACTN1,ADAM17,GTF2A1,PPP3R1,SLC47A1,MYLIP,SIAH2,HECTD1,TRAM2,DUSP6,TIMP3,TTC3,WAC,GBE1,LMNB1,SMYD2,ZNF248,STRN3,IRF9,SLC2A1,RPPH1,PARP2,TRIM28,LTBP4,CCND1,PTMS,RBM7,PTP4A1,NAB2,SNX6,MXI1,TSHZ1,PPP2R5C,USP37,RFX3,YAP1,ORC4,LCOR,SMAD2,LAMC1,FERMT2,VSNL1,RUFY2,EGR1,KIF16B,SPRY4,CCDC138,ATXN1,ANKRD37,MAPK1,IKZF5,CIDEB,UTRN,SGCE,SMAD4,SPRED1,KDM4B,NFATC4,PIKFYVE,EXT1,REV1,MYADM,SLC30A1,KLC1,GNL1,ZNF148,SPTBN1,SERINC5,RPS3A,NBEAL1,CEP68,RC3H2,ERN1,KLF3,TCF7L2,FARP1,ZNF236,TM9SF3,FANCC,UGCG,TTC21B,SEMA4G,RORA,ESYT2,FOXN3,SETX,RAPH1,HNRNPH3,SPRY2,NUP188,ANKRD17,PPAT,ARHGAP12,FCHSD2,FZD7,JARID2,PCGF2,KLHDC2,TAF1D,B3GALNT2,FMNL2,ARID1B,SMAD7,PPP3CA,ZNF503,CADM1,CHD8,SNX25,ANKRD12,LSM14A,ETV5,BMPR1A,ABI2,RIF1,USP3,PARD3,RBFOX2,TEX10,NDEL1,SOCS7,ZFP36L1,ZFAND6,AGPS,IER2,DNAJC9,C4orf46,UAP1,KIF20B,QSER1,CCNI,MAPK1IP1L,TIAL1,PRR12,MLLT1,BMP4,SRSF1,AHNAK
5	wgEncodeHaibTfbsGm12878Egr1V0416101PkRep2.broadPeak.gz	0.0399079	3.36525	T4	EGR1	LCOR,NAB2,SNAPC2,FCHSD2,JUNB,NUP188,CCNI,ZNF652,CDK17,EGR3,HES1,SETX,SLC2A1,TTC3,SPRY2,FNDC3A,UGCG,ABI2,NR4A3,HECTD2,BRPF3,ZNF236,PTP4A1,CTNNB1,AUTS2,RCOR1,SLC7A1,RC3H2,UBE2Q2,LEF1,REV1,EGR1,CBFB,TGFBR1,ZBTB2,DEPDC5,B3GALNT2,ST3GAL5,RFX3,PDCD11,NFATC4,ARHGAP12,JARID2,SNX25,KLF3,VEGFA,RASSF3,RPS3A,STK24,SOCS4,WDHD1,KLF2,PTMS,CD83,IER2,CHST14,SLC12A2,MYO9A,RNF24,MAPK1,BNIP2,SMCHD1,QSER1,ZC3H4,BAG5,FANCC,ADARB1,TIAL1,TRAM2,MAZ,UBE3A,ZNF410,TWSG1,ARHGAP42,ORC4,CBL,NOTUM,REV3L,DGKD,SPRED2,USP37,TCF3,TSC22D1,TSC22D2,GBE1,PPP3R1,GAB2,KLHL5,ADAM17,NR4A2,DUSP5,ARID1B,CSNK1G1,SIN3A,ZFAND6,ZNF280D,USP3,REST,LAMC1,SPIN1,ANXA5,VGF,SLC23A2,RIF1,NFYA,TACC1,ELK1,GNL1,FUT11,PBX3,MCF2L2,SLC25A15,ZNF280C,PIAS2,BTBD6,ESYT2,JAM2,INPPL1,TUBB6,TET2,BICD1,FSCN1,ABR,IRS1,COL1A1,ZC3H14,CYTH1,STX6,UBA2,SLC30A1,SMS,POLDIP3,BICD2,TRAPPC6B,ASXL1,SMAD7,ANP32A,PPP2R5C,CSGALNACT2,SMAD2,OTUD4,AXIN2,TESK1,SF3A2,GATAD2B,HECTD1,MLLT1,RBFOX2,MCOLN3,DDHD1,CCNY,EP400,ZDHHC20,KRAS,USP34,EFNA3,ERN1,HAUS8,MINPP1,RSF1,CHIC2,PHLDA1,ABCB4,EHBP1,LMNB1,CDK6,ARHGEF12,GABPB1,HSDL1,FAM114A1,DDX50,NFXL1,IQSEC1,BOK,MDC1,JMJD1C,ZNF148,ZNF827,SMARCA4,NPM3,NR5A1,ARL5B,MEGF8,TUG1,KDM5B,WWTR1,ANKRD12,MTA2,PCGF2,TEX10,FGF9,CEP192,PRKD3,NDE1,EPC2,RAVER1,JRKL,HK1,PPM1A,FRMD6,CKAP2L,PTBP2,ANKRD37,BMPR2,SBK1,SMAGP,NXN,TNFAIP3,KLHDC2,MAPK1IP1L,DPYSL2,ARPC2,EXT1,ATE1,FOXN3,NFIC,ZMYM2,ENC1,PFKFB3,SMC3,RNF138P1,KLF14,ARHGDIA,INTS6,TRIM28,NCBP1,KLC1,RAI1,CNOT6L,SSBP4,CHSY1,KIF20B,LRP12,DBN1,ETV5,FMNL2,AFF3,KDM4B,ZNRF3,EP300,DIP2A,RUFY2,SAV1,IKZF5,UFSP2,ATL2,SGCE,PRKD2,HDAC2,ISG20L2,HERC4,IRF2,CLSTN1,ZFP36L1,RBM7,ANKRD17,HNRNPH3,PPAT,CDKL1,SESN3,SPTBN1,ATAD1,MYC,ELAVL1,SLK,DHX9,DIS3,SOAT1,NIN,NAP1L1,SLC19A1,ARID5B,ZNF70,VPS13A,CEP170,TAF1D,DUSP6,PIP5K1B,MAP4K5,LTBP4,UGGT1,TAB2,SMYD2,TOB2,CTHRC1,ZNF292,EIF2B2,RAPH1,PIKFYVE,DGKA,PTEN,PPP3CA,DCUN1D4,ATXN1,PDZD8,UAP1,SFXN3,FARSA,SPTLC2,GAS2L3,VCAN,ANKRD36,CHD8,USPL1,MYLIP,TMEM158,EML6,DACT1,SEC23IP,MMS19,SCAF1,RASIP1,JAG1,APP,ZNF248,NMT2,GNAT2,TM9SF3,GTF2A1,RNF169,TLE3,TTC5,PTPRE,BRWD3,MTMR3
