; Name	SignificantDEgenesUp_tcga_signatureMedian_noACA...
; Species and nomenclature	Homo sapiens, HGNC symbols
; Motif collection	10K (9713 PWMs)
; Track collection	1120 ChIP-seq tracks (ENCODE raw signals)
; Minimum NEScore	3.0
; Rank threshold for visualization	5000
; ROC threshold for AUC calculation (%)	0.03
; Minimum identity between orthologous genes	0.0
; Maximum false discovery rate (FDR) on motif similarity	0.001
; Motif rankings database	20kb centered around TSS (7 species)
; Track rankings database	20kb centered around TSS (ChIP-seq-derived)
; Number of valid nodes	3800
; iRegulon version	iRegulon v1.3 (build: 2015-02-12)
# Rank	Motif id	AUC	NES	ClusterCode	Transcription factor	Target genes
1	transfac_pro-M03546	0.0371237	3.67883	M1	DLX5	EN1,CCND1,SEPHS1,GSC,HOXA9,NTNG2,HOXD3,ZNF143,REEP1,SALL3,NXPH4,HDAC4,HOXC4,HOXC6,SSBP4,NR2E1,DMRTA2,BCL11B,WNT11,PRDM12,BAHCC1,NR4A3,STAC2,LHX5,NPAS1,NKX2-2,GBX2,SALL4,NPTX1,SHMT2,IRX4,CELF4,PPP1R1B,VAX1,TSHZ3,NFIX,TLE1,DYRK1A,C1QL4,DNAJC22,HOXA4,CDK6,CNR1,PHF21B,ZNF536,SP9,TBX2,LBX1,PAX6,SOX1,SULF2,INPPL1,FIBCD1,ONECUT2,ADAM11,PHF21A,HOXB7,SATB2,NR2F6,BRD3,MYLK2,WNT3A,PAX7,SLIT2,MSX1,ST8SIA3,HOXC9,KCNJ12,CIRBP,IHH,IGF2BP1,NRXN2,ZNF687,TRIM71,LRRC4C,ESRRG,PRDM13,ZIC2,ZIC5,HOXC11,NAT8L,RIPK4,BEND3,PTPRS,DLX1,HOXA5,COL11A2,KCTD1,ONECUT3,GNG8,MARCKSL1,CTBP2,EFNA2,SIX2,CADM1,HAND1,EMX2,TRIB2,CASZ1,TBX1,BAMBI,MLLT6,SLC8A2,TPM2,INSM1,TLE6,ANP32B,FAT1,ZNF516,SLC1A2,C6orf223,PAX2,SPTBN1,CIC,WNT5A,HOMER3,TLK2,HOXC12,ATL2,UNC5A,JARID2,SNED1,TMEM59L,ID2,ZNF618,KLF14,IRF2,TBX5,TGM1,SDC1,RORA,CNTFR,LMNB1,VANGL2,HOXD4,LHX4,BACH2,TMEM105,CACNA1C,FOXB1,BCL11A,GRIN2C,ACTN2,KCNK9,PYGM,ERF,FOXF2,DYNLL2,SHH,ISM1,FBXO11,USP49,KIF26A,CAMTA1,NPHS1,GRIN2D,SCN8A,GDF7,ITGB5,PTPN3,IRS1,DCAF5,HNRNPL,ZNF462,L3MBTL3,IRX2,TBX3,RTN4R,TMEM200B,NEUROD2,EPHA4,HOXD9,PWWP2B,DLX3,TSC22D2,HMGA2,FAM169A,MEX3A,AUTS2,ANKRD13B,NETO2,EVX1,SIM2,FGFR3,CSMD1,SDK2,DENND5B,NTNG1,FZD8,NKX2-5,HOXB6,PTOV1,AATK,RELN,BDNF,BCL7A,TEKT2,CORO6,TOB1,ADAMTS7,HOXD11,ACHE,STXBP5,HMX3,SDHAF1,DCAF15,EN2,ABR,GLI3,HUNK,HOXD13,LIN7A,WT1,HELT,LRRC38,SLC17A7,WIZ,CBX4,ZMYND19,ZNF444,MAPRE2,PBX3,TBKBP1,ZNF821,LRRC4B,EPHB4,LHX2,DNMT3A,GNAL,LMX1B,PKMYT1,TRAF3,MRAS,TLX2,HOXC13,DPF1,MORC4,MEST,KALRN,NTM,ZMYM2,TWIST2,RYR1,TGFB2,CGREF1,RBPMS2,SP7,NFIC,SLC23A2,ENC1,AKT2,LCOR,HNF1B,TDG,RARG,MYEOV,FBXO5,LHX1,HIP1R,TBXA2R,GAS2L3,ZNF787,DLX2,MATN3,MAFA,ZFHX2,SRSF2,SPAG5,CBX8,SLC19A1,YAF2,KDM4B,RUNX1T1,CUX2,ITGA9,SLC38A3,DPEP1,PPIA,TLX1,SEMA6D,ZNF696,RNF122,ISL1,SPOCK2,NCKAP5L,NKD1,NR4A1,PDZRN3,SRP9,SPTAN1,CABP7,DLK2,NMU,RSPO2,CHST10,POLR2A,ABI2,ST6GALNAC5,WNT4,KRAS,MARK4,NAP1L1,EEF1A2,JPH3,RFTN2,ARHGEF25,AXIN2,HOXB8,MREG,PITX1,PSMB5,TET1,TNFRSF19,BCAP29,RHOBTB1,NFASC,ASGR1,PPP1R1A,COL2A1,EMILIN3,CCDC106,HOXB9,QRICH1,KLHDC8A,FARP1,ITM2C,CLDN1,CAMK1,USP44,OLFM1,TCF3,BAIAP2L2,RAPGEFL1,HPCA,ISLR2,ETV5,POU4F2,DLX4,CGNL1,SLC25A15,ATF5,NUP62,EPHB2,CALN1,CTNNB1,SLC38A8,SLC29A4,ZNF827,FLRT2,TIMM17A,HOXB3,DAAM2,HIC2,NTRK2,EFNA3,WAC,GPRC5C,KCNJ5,KREMEN2,CACNA1A,PPP3R1,LYPD6,KLF3,PPFIA3,SLC6A9,SH3BP4,MLLT3,ID4,SYT3,C22orf24,ZNF652,SRMS,RET,MIR196A1,HPCAL1,GJB3,MED12L,PHLPP1,ICAM5,KLHL29,LHX3,SCRT2,PTX4,PTP4A1,DEDD,ZNF521,KLF11,VGLL2,KBTBD11,C19orf12,FAM168B,RASGEF1A,TPBG,EVI5L,ARNTL,PERP,NLGN2,CNGA3,DIP2C,GPR4,FGF10,CRABP2,NANOS1,GATA3,PLD5,PRKCG,LIPG,RAI1,NR1I3,SLC9A3,SP8,GDNF,RHOB,CBX3,CDK2AP2,ALDH1A2,ASB6,POLRMT,PDE9A,FBN2,TNXB,FAM53B,POMC,SKP2,TP73,R3HDM1,ANO4,HMG20B,CACNB1,NR5A1,POGZ,HNRNPA2B1,TTYH1,CYB5R2,ANKS6,CACNG2,HOXC10,SORBS3,DCAF4,PTGFRN,CAMK2G,DHX30,DAB2,PSEN2,FRMPD1,NEFM,ST20,HOXB5,RAB26,UBE2Q2,ATP10A,PARVB,POLE3,SLIT1,WNT3,EFNB1,KCNG1,AMMECR1L,KLF6,EMX1,CNTN2,RNF41,NHS,PKNOX1,ADCYAP1R1,HOXA11,KIF17,WDR18,OTUB2,RAB11FIP5,KIF5C,CBX2,HERC4,CHRD,FANCC,FEN1,LMNB2,TNFRSF25,ZSCAN10,PRKCZ,CACHD1,ATP9A,LRRC37A3,RPP30,RPTOR,RGS7,DCUN1D4,MPP2,SFRP1,CCDC102A,SLC7A1,FAM155A,SCUBE1,SRCIN1,VAV2,TESK1,ZIC1,RAD21,CDH2,CHRDL1,LONRF3,CSNK1G2,ATP2B2,AIFM3,ZNF574,ROBO1,HOXC8,TMEM200C,MAP2K7,TRIM7,LSP1,ILF3,ACTR1A,DOC2B,GMNN,BMP7,CBX1,FADS2,HCN2,SBNO2,GRID2,MMP17,TCF7L2,CDC25A,COL9A3,SUPT5H,SORBS1,PSMB11,REV1,PLCL2,FOXH1,QSOX2,ADRA2C,MAGI1,FGF12,EHBP1,GINS4,GATA5,RBM14,AMOT,KCTD20,AGAP4,RNF152,NR6A1,JAKMIP1,WFIKKN2,TRH,NSD1,PALM3,CHST1,BMP6,CHD5,RBFOX3,DEPDC5,LMO3,GGN,ZBTB2,ATP6V1B1,RCOR3,FOXE1,MARK1,GPSM2,PLD1,REV3L,FAM163B,USP6NL,CACNA2D2,NUDT19,KCNN1,B3GAT1,C16orf92,KLHL14,PDE8A,CHSY1,KLC1,NCAPH,RHOBTB2,KCNN2,SLC12A8,RASSF3,GPR35,OTOP2,TMEM63A,PDLIM2,SAR1A,ILF2,RAPGEF1,KLHL25,MAPK8IP2,TOX,OTX1,DACH1,GFRA2,KCTD6,DOLPP1,KCNQ2,CRMP1,METTL9,AIFM2,DOT1L,PRTG,ZFHX4,ENPP7,EPC1,NTN5,DLG4,MAML1,ST3GAL4,HS3ST1,HERC1,BCLAF1,ZNF488,TNFRSF13C,CACNA1B,DCC,UNC5C,ZNF680,GATAD2B,CDH12,SHISA7,CHRFAM7A,GLRX3,C17orf80,SLC22A3,CHAF1A,DUSP16,NACC1,PPP6R2,KCNMB4,RALGPS2,KBTBD13,ADAMTS19,RHBDD1,GPR137,ARMC8,PARD3,TROAP,N4BP3,ACYP1,PRDX2,CTRB2,ZDHHC22,ZNF853,HNRNPH1,MAPK1IP1L,PRRT3,CLDN2,USP43,ETV4,GRIK5,NRIP3,ZBTB10,IKZF5,SLC4A3,CTRB1,NF2,GATA4,BRPF3,PI4KAP2,ASXL1,MPP3,FOXN3,HSD11B2,HECTD2,TMEM50B,BAIAP3,CHRNA7,PPAN,ARHGEF9,POLD2,SLMAP,NKX2-6,OXR1,KIF5B,NUMB,KIAA1549,WIF1,BMP4,ASTN1,ZNF584,BARX1,ZSCAN21,OPCML,PPP2R5B,SP5,LHB,ZNF148,CHRNA4,MMS19,TULP3
2	tfdimers-MD00154	0.0366722	3.56861	M2	SREBF1,MZF1,ZNF354C,SREBF2,EP300,PURA,SP2,KLF4,WT1,PAX4,ZNF444,ZNF467,ZNF281	BCL11A,CACNA1G,NEUROD2,MLLT6,PHF21A,ERF,EFNB1,MEX3A,RARG,ANKRD34A,HOXC4,HOXB7,HOXC6,RORA,NTNG2,IGF2BP1,PAX7,DACT3,ZFHX4,BCL11B,VGF,LRRC4C,GPR162,KCTD1,SRCIN1,CRABP2,DUSP16,HOXB6,CASZ1,TBX3,GPR4,BDNF,KREMEN2,NLGN2,TBX5,NRXN2,PCBP4,DPF1,LRRC4B,ZNF521,KCNN1,EFNA3,GBX2,SBK1,GGN,WDR18,FIBCD1,BAHCC1,GRIN2D,LRRTM1,SV2A,COL11A1,CABP7,KLHL14,RNF122,HOXC12,ITM2C,SOX1,BMP4,LSP1,DLX4,SATB2,NFIC,CTNNB1,LIN28B,CDC42SE1,ZNF462,LHX1,NHLH1,CRMP1,GLI1,PTPRS,PEA15,HSPA12A,CACNA1C,L3MBTL3,JAKMIP1,HOXB8,SRRM4,HOXC8,NKD1,MSI2,ONECUT3,RAB30,EN1,AUTS2,PAX6,RUNX1T1,ATP2A1,CAMTA2,ETV5,SCN8A,DNM1,CNTFR,SLC8A2,RGL2,GRIK5,YPEL4,NOVA2,TET1,ATP6V1B1,HOXC9,MPP2,C1QL4,SLC38A3,PTPRVP,PTPN7,HOXB3,DAAM2,TCF3,ZNF618,PBX1,SP8,ZIC1,LHX5,DLX1,FLRT2,DNAJC22,PBK,GLI3,WNT5A,AXIN2,NCKAP5L,HOMER3,KCNG1,ZNF827,ZNF574,POGZ,LIFR,RYR1,ZNF516,TLX2,GDI2,GPRASP1,NPAS1,NKX2-2,TCF7L2,SLMAP,FAM53B,PIP5K1B,NLK,KCNC2,NXPH4,ASB6,KLF16,CGNL1,CACNA2D2,HERC1,PRR7,IL17RD,SESN3,WNT11,PRKCG,ELOVL1,CACNG2,FOXF2,HAND1,SLC17A7,TCF7,MYH10,TMEM132E,LRRC8D,GATAD2B,RHBDL3,ETV4,WNT3,FBXO11,TMEM105,DYRK1A,PPP1R1B,ESCO1,ZNF687,UNC13A,FOXB1,PRDM12,FGFR3,RAD23A,ATP10D,C19orf12,CACNB1,VAX1,OTX1,HIPK4,EPHB2,SCRT2,DLG4,GNG8,DNMT3A,BMP6,PRKD3,ZNF821,LZTS2,SMAD9,EHD2,TIMM50,TRIM71,RASGEF1A,CCND1,MMP17,CIRBP,ETV1,MAML3,HPCAL1,FGF17,NANOS1,AIFM3,SBF1,NCAN,MAGI1,HOXB9,ZFHX2,ZNF536,PCP4L1,ROBO1,GSG1L,EEF1A2,CNIH2,DCC,RAD21,WFIKKN2,TYRO3,PBX3,SLC4A3,FADS2,RALYL,SULF2,FOXA3,PRRT3,KIF5C,C6orf201,ONECUT2,GATA4,GPR22,RNF152,ZNF787,MSX1,NR5A1,TNFRSF13C,HR,PTPRF,INSM1,SOCS7,PLD1,SLC25A36,SOBP,NANOS3,HPCA,NFIX,RRAS2,ATOH7,HOXD3,ADCY9,PYGM,NKX2-5,MFAP2,FGF9,COL7A1,EXT1,USP44,RHOBTB1,BRD3,SHISA7,DCAF5,APOBEC2,HNRNPK,SP9,HOXC13,NACC1,CERCAM,SHH,TNXB,NFATC4,ESRRG,CNR1,HMG20B,CHD8,KCTD6,LEF1,GSC,ANTXR1,GDPD5,HOXD11,SORBS2,CTNNA2,UPK1A,C4orf48,SEMA6D,TGIF2,TSHZ3,WNT3A,ATP4A,ADNP2,KCNB1,HBP1,TMEM98,UNC5A,LMO3,ZDHHC22,SLC24A5,AATK,SLC1A2,ZNF680,FIGNL2,SCUBE1,STAC2,TPBG,SKAP1,PCF11,CALM2,CNTN2,SALL3,ARNTL,AMOT,ETV2,PLCL2,CBX4,TMEM200C,GATA5,CTBP2,IHH,TLK2,CBX8,ARHGEF9,ANKRD13B,BCAN,TPPP,NR2E1,TPM2,CDH10,FARSA,TGFB2,KCNK9,FGF10,ARID3B,POU4F1,LHX2,CAPN5,ITGB5,NXN,DAB2,NDEL1,CSRNP3,HMGA2,ABCB4,REM2,CACNB4,EMX2,WDR5,TRPM3,OMP,DVL3,HIC2,SYBU,LMX1B,ADCYAP1R1,EFNA2,RALGPS2,PLAC1,SKA2,TLE1,ZNF444,UPK2,CSRP2,SIM2,TRIM59,EPHA4,CACNA1A,JARID2,MTMR3,EVX1,BCL7A,KLHL29,AFF3,LRRC37A3,MUC1,TRAF5,IRS1,FAT1,TEKT2,COL18A1,PGPEP1,BAAT,CLK3,ADAM11,UGCG,PPARA,EFNB3,HOXB5,SLC2A1,TMEM108,DMRTA2,KLF3,OXR1,SNED1,HUNK,SEMA4G,TTYH1,PDE8A,PRKCZ,C10orf82,FAM171A2,ZBTB34,TBX1,MAP2K7,NETO2,SLC6A9,GPR85,TP73,USH1C,CSNK1G2,RFX7,CIC,NUMB,ADAMTSL1,GAP43,SERPINE2,RAB11FIP5,VAV2,KDM5B,SORCS1,ABR,SV2C,ST3GAL4,FGF8,PPP2R5B,UBE2QL1,UBE2S,GPR137,CHRNA2,NHSL2,ISL1,SALL4,PURG,SKP2,SYT17,NFASC,VDR,DUSP14,NR4A3,RTN1,ZIC2,FREM2,CHST1,FBXO5,ACTN2,WNT10B,WNT1,KIF5B,PTGFRN,MPG,MTMR11,SLC23A2,ZMYM2,WBP1,CHL1,CTXN2,SPON1,FOXN3,USP49,ZIC5,FAM89A,ANP32B,LYPD6,VANGL2,MAST1,SYNE1,SHISA6,ZNF652,REV3L,TMEM74,DNAJC25,EPB41L1,LCOR,HSD11B2,SGSM1,MED12L,STMN2,TUBB2B,TMTC1,CELF5,OLFM1,FEZF1,MYEOV,SBNO2,CKS2,MCC,ST6GAL1,HECTD2,SDC1,PILRB,ABLIM1,RBM17,LDB2,KCNH3,SHROOM4,CDK16,POU4F2,RPTOR,PRRX2,ITGA1,SP7,CELF4,LRTM1,PITX1,URM1,ACAN,HMX1,CADM1,PTPN5,FSCN2,CA4,SORBS1,C6orf223,RBPMS2,N4BP3,NEK6,TBXA2R,CALY,FLVCR2,VCAN,KIF1A,NTN3,NTNG1,TNFRSF19,CCDC102A,FADS1,PI4KAP1,TBKBP1,EBF4,FAM163B,ZBTB10,TBX4,LEFTY2,HCN2,PAX2,MARK1,FNTB,CUX2,NTN5,ABCA5,NTN4,KRAS,BMP7,ALCAM,ZSCAN21,PPP1R1A,FZD7,ENC1,EPHB4,SMURF2,HCN4,CRTAC1,CEP164,IGFBPL1,TLX1,LIN9,WSCD2,KCNJ12,ATP2B2,PTCH2,KCNJ5,PIAS2,KLHDC8A,B3GAT1,VLDLR,ANO4,CDC25A,SH3BP4,TBX2,SYNGAP1,NCAPH,KBTBD11,HOXA4,LONRF3,RIPK4,ATXN7,LTBP1,ISM1,NPTX1,PRDM13,PHF21B,DCAF4,TOM1L2,KCNQ2,DNM3,LEFTY1,ASGR1,SHD,PDE2A,ATXN2,ATF5,KLHL25,SNPH,JPH3,SET,DOC2B,PKNOX1,PYGO2,PRSS35,TRAF4,NUP62,DPEP1,GABRD,VSNL1,NKPD1,MLLT1,MIR196A1,RET,CDK1,HOXC10,PWWP2B,CHD5,IRF2BP1,LRP12,CNBP,TTLL12,FAM168A,PPP1R14A,AP1S1,REV1,DYNLL2,C1QTNF7,CDH12,USP6NL,EEF1D,AATF,PCK2,KCNN2,NPAS2,RHBDD1,COL2A1,SLC26A3,WNT4,RHOF,SPTBN1,RHBG,CAMK1,TRH,GNB3,NHS,SEPHS1,TRA2B,EN2,KALRN,XYLT1,KLF6,SLC7A1,ABI2,AKT1S1,GLRX3,LPL,GPRC5C,MARK4,SHMT2,BACH2,NUP210,ETV6,ATRNL1,QRFPR,RNF182,RASL10B,ZNF628,HTR4,HELT,HSPA1B,ITGA9,POM121L9P,EFNA4,DPYSL2,CREM,TMEM50B,FAM83F,CORIN,EVI5L,TRAPPC5,RAPGEF1,NR4A1,RTN4R,ABCC5,ZFP92,LCA5,PLEKHA7,WNK4,PDZRN3,WSCD1,SDK2,METTL9,AMOTL1,MRAS,PERP,FBXL7,CDH2,EML6,CABP1,IMPDH1,HOXC11,FRMD6,ASTN1,DCN,SARDH,SLC25A22,ST20,KCNQ4,CPNE6,DIP2C,CTNND2,CCDC83,ACLY,SLC22A18AS,CNGA3,KLHL5,SCN2A,C19orf47,PPRC1,KAZALD1,BAIAP3,KIAA1549,PCK1,TMCC1,RTL1,KIF26A,HOXD12,AGAP4,HYAL1,FHOD1,SUPT5H,CSMD1,SGSM2,HMGN3,SAR1A,TRAF3,IFFO2,CDK6,RAB11FIP2,CDC37,BEND3,SLC16A2,RIMBP2,GPR173,FAM161A,CHN1,DCBLD2,TMEM184C,ERN1,LRRC37BP1,B3GALT1,SCARA3,FOXA2,FAM171A1,ZNF507,ZNF469,KIF16B,SORBS3,TMEM59L,NR2C2AP,AEN,CDR2L,ADRA2C,HTR6,DPP10,CDX2,AKAP7,NAA50,TM4SF19,LHX4,CACNB2,JAM2,UBE2T,CDH20,ARNT2,GIP,SLC37A1,TNFAIP3,SCRN2,SLC2A4,DMD,SPC25,HNRNPH3,PDE9A,UVRAG,PBLD,SIK2,CIDEA,HS3ST1,MARCKSL1,CPA2,GNG12,GDF9,DISP1,SSBP4,PRTG,ANKRD34B,TRIM24,KISS1,SYNGR1,ACMSD,RAPGEFL1,NBPF3,DEDD,PPAN
3	yetfasco-2176	0.036367	3.49411	M3		CCND1,HOXD3,BCL11B,ZNF143,SEPHS1,LRRC4C,HOXA9,ZNF618,EN1,CELF4,NTNG2,GSK3B,HOXC4,HOXC6,GSC,NXPH4,NR4A3,HOXB7,ZNF521,ANP32B,ZIC1,BAHCC1,FOXF2,TRIM71,BCL11A,PHF21A,HDAC4,L3MBTL3,LHX5,NKX2-2,VAX1,HOXB3,SLIT2,HOXC11,PPP1R1B,INSM1,NR2E1,REEP1,HOXB8,IGF2BP1,EMX2,WNT11,IRX4,NKX2-5,LMX1B,NFIX,JARID2,ZNF536,HOXA4,NRXN2,PAX6,ESRRG,CTBP2,SALL4,IHH,SATB2,C1QL4,DNAJC22,HOXC9,CUX2,SSBP4,CASZ1,CADM1,BDNF,DYRK1A,MARCKSL1,ONECUT2,MLLT6,PAX7,SLC1A2,SIX2,DMRTA2,POLR2A,LMO3,PRDM13,TCF7L2,ZNF827,TRIB2,TSHZ3,INPPL1,CBX4,KLF14,HAND1,ZIC2,PAX2,ZFHX2,MSX1,CDK6,GDF7,TBX3,CACNA1A,DLX1,FGFR3,HOXD13,NR4A1,KCNJ12,TBX5,DLX3,GBX2,ID4,NAT8L,ILF3,MLLT3,FIBCD1,SNED1,WNT3A,ID2,ATP2B2,ADAM11,AUTS2,VANGL2,NHLH1,CNTFR,UBE2M,RORB,ST8SIA3,RHOBTB1,HOXA11,KDM4B,TBX2,WNT5A,AMOT,NEUROD2,NR5A1,LHX1,RIPK4,LBX1,ACHE,BRD3,ABI2,HOXD11,HOXB6,ZNF516,SALL3,ZIC5,PHF21B,SP9,SIM2,NTNG1,HOXB5,ERF,PRDM12,BACH2,HOXD9,STAC2,HIP1R,TLX2,DPYSL5,PITX1,IRF2,CPA2,HOXD4,IRS1,DENND5B,HOXA5,MAML3,PTP4A1,KCNK9,SHH,EFNA2,RORA,TOX,RELN,FBXO11,RARG,RAD21,ATF5,ALDH1A2,NUP62,ZMYM2,PBX1,PHLPP1,GRIN2C,SPTAN1,HOXC12,SDC1,EN2,KIF26A,LHX4,CGNL1,POGZ,SPTBN1,TLK2,GAP43,USP49,HOXB9,TET1,SCRT2,BCL7A,HOXC8,ANKRD13B,DLX2,TPM2,HNRNPL,FZD8,DOLPP1,ZNF462,NPAS1,GPSM2,RFTN2,FOXB1,SOX1,MIR196A1,FLRT2,SP8,SCN8A,TDG,ARHGEF9,BMP4,SULF2,LMNB1,ONECUT3,EVX1,LSP1,HOXC13,SP7,ZSCAN21,GLI3,BAMBI,MRAS,TEKT2,NAP1L1,LRRC56,TLX1,GATAD2B,SLC17A7,MAFA,TRIB1,CHSY1,CBX8,RHOBTB2,METTL9,DAB2,DPEP1,HPCA,HNF1B,PTPRS,SEMA6D,WDR18,TRIM7,FOXN3,SDHAF1,LTBP1,ABR,CAMTA1,SLC23A2,PRTG,ALCAM,KIRREL3,NKX2-6,FAM169A,UBE2T,SHC4,COL11A2,EPHA4,C6orf223,KIF17,ZFHX4,CORO6,ISL1,TMEM105,NLGN2,MAGI1,JPH3,TACC1,UGGT1,CRABP2,HIC2,TMEM108,PKNOX1,C19orf12,FOXA2,MIR4298,TWIST2,CREBL2,CACNA1C,IKZF5,KLHL29,HBP1,ITGA9,CLASP1,RAPGEFL1,NPTX1,DLK2,RCOR3,TOB1,AATK,RHOB,COG1,BEND3,EFNA3,PANX2,SBNO2,HLF,ST20,CCDC73,ZDHHC22,HERC1,PTPN5,LHX3,IDH1,ZBTB10,HS3ST1,EPHB2,SMAD9,STK11,CDH2,GGPS1,TSPAN7,ZNF787,SLC38A3,MEX3A,TMEM59L,PTPRF,TLE6,HMG20B,KLHL14,TGFB2,LHX2,TCF3,TLE1,FAM168B,ISM1,NFASC,LRRC37A3,ITM2C,FZD7,SRSF2,TBX1,EPHB4,PDE9A,ZNF444,SLC29A4,ARID3B,FOXL2,ZNF711,SP5,HERC4,HOXC10,RBPMS2,CDKN2D,ATRNL1,AXIN2,KBTBD13,TAF4B,KLHDC8A,HNRNPH3,PBLD,COL9A3,DOC2B,CSNK1G2,HOMER3,HPCAL1,NUMB,PTOV1,RALYL,ZNF584,MED12L,LYPD6,PCK2,ZNF680,SLC7A9,SEC14L4,PRRT3,PLEKHA5,TNXB,DPF1,TOR1B,EEF1A2,GAPVD1,TRPM3,DNMT3A,REXO1,CACNB2,ZSCAN10,MORC4,NRN1,PYGM,NR1I3,MARK4,NHS,FAT1,LEF1,HTR4,PDIA6,GPR4,NR6A1,RRAS2,ETV4,GOLGA7B,WT1,BRPF3,COL2A1,KLC1,KCNJ5,DCAF15,MPP2,SMC3,SCARA3,DCAF4,CLDN2,ETV5,TRIM24,FAM53B,ZNF507,KCNN2,TRA2B,QRFPR,ATP10A,HNRNPH1,ADAMTS7,DEDD,PRKCZ,TSC22D2,DCAF5,GRID2,DHX30,SV2A,CHN1,PBX3,RIMS2,KCNN1,SGPL1,LRRC38,PEA15,PDE8A,KLF11,LIPA,TNIP3,ARNTL,CNTN5,SFRP1,CYB5R2,SET,SNX10,NACC1,CIRBP,PPP3R1,CNTN6,SLC6A9,YAF2,SYBU,TNFRSF13C,SLC39A10,FAM168A,DEGS2,KIF5C,ZNF821,FDPS,FAM155A,LZTS2,CIC,ZNF687,PARVB,HCN4,HCN2,ZNF652,TMTC1,ILF2,EHBP1,FBXW4,SRP9,TGIF2,FOXA3,NPPC,DSTYK,HUNK,TRAF3,ANO4,DUSP16,RBM14,ZNF518A,FARP1,DCUN1D4,CRTAC1,AEN,KRAS,PTPN3,ACTR1A,POU6F2,PTN,TRAF5,QSOX2,SBF1,CABP7,ZNF696,RAD51AP2,ARMC6,QRICH1,CGREF1,VCAN,DYNLL2,MREG,S1PR3,SHMT2,AIFM3,KCNG3,SYT3,FADS2,CELF5,KLHL5,ELAVL1,ECT2,AGAP4,SUPT5H,LAMA2,AKT2,DMD,ZNF574,TNFRSF19,FGF12,TMEM200B,HMGCR,B3GALT1,ASXL1,KCNK2,RTN4R,GRIK5,CHAF1A,NHSL2,GGNBP2,PKMYT1,RUNX1T1,CTNNB1,TROAP,SALL2,C22orf24,FADS1,RAB26,RFX7,CAMK1,SLC25A15,PPIA,CDX2,HSD11B2,KIAA1549,TYRO3,TRAF4,GDNF,FAM189A1,CNGA3,EYS,BMP6,RASSF3,DUSP14,KLC2,CHL1,ASGR1,TAF7L,FOXH1,NTM,HEXIM1,RASGEF1A,CABP1,NETO2,ESCO1,ZBTB34,CLNK,FRMD6,ANG,CACNG2,CSRNP3,EFNB1,IRX2,SLC9A3,DBF4,ATL2,WNT1,KCTD1,TULP3,PIKFYVE,AMMECR1L,SOX8,GTF2E2,GATA5,SCN1A,CDC25A,TRH,USP21,NMU,ZNF628,MEST,NLK,NFIC,SPOCK2,RNF152,NCAN,WIF1,GFRA2,LCOR,RET,SAR1A,REM2,CTDSPL2,ABCA5,BARX1,TBKBP1,KIF5B,BAIAP2L2,PIK3C3,MYB,PRSS27,C5orf38,SERPINE2,STXBP5,LRP6,GAS2L3,RIPPLY1,BMP7,GLRX3,NTN4,CSMD1,ST6GALNAC5,EGLN1,GDPD5,TRIM28,MPP3,TCF24,FEZF1,NCKAP5L,KCNQ2,MCC,REV3L,HECTD2,APOBEC2,SCUBE2,KDM5B,NTRK2,NUDT19,JAKMIP1,TPBG,MMD2,KLF3,SLC26A3,ACACA,GPR35,CPSF2,NXN,RNF122,N4BP3,CNR1,GSG1L,CYTH1,ZNF488,CHD5,FBLL1,RYR1,DCC,HELT,REV1,TMEM211,SDK2,RAB3D,GNAL,GATA3,SOCS7,AMOTL1,SH3BP4,ATP9A,CALN1,UGCG,ROPN1B,ZBTB2,C1QTNF4,DAPL1,ROBO1,HABP4,TIMM17A,RABGAP1
4	yetfasco-2235	0.0356569	3.32076	M3	KDM4E,KDM4D,KDM4C,KDM4A,KDM4B	CCND1,HOXD3,SEPHS1,ZNF143,ZNF618,BCL11B,LRRC4C,GSC,NTNG2,CELF4,GSK3B,HOXC6,L3MBTL3,HOXA9,NR4A3,HOXB7,HOXC4,VAX1,HOXB8,ZIC1,BCL11A,EN1,NXPH4,HDAC4,NFIX,ANP32B,INSM1,ZNF521,PHF21A,IGF2BP1,LHX5,HOXA4,NR2E1,POLR2A,BAHCC1,CTBP2,EMX2,TRIM71,PPP1R1B,WNT11,JARID2,FOXF2,NKX2-2,SALL4,C1QL4,DNAJC22,NKX2-5,ONECUT2,HOXB3,CADM1,SLIT2,CASZ1,DYRK1A,HOXC11,SATB2,RORB,SSBP4,IHH,BDNF,LMX1B,ESRRG,REEP1,KLF14,PAX6,HOXC9,ZIC2,NRXN2,HOXD13,SIX2,HAND1,ZNF536,PAX7,SCRT2,MARCKSL1,TBX3,IRX4,CUX2,FGFR3,TSHZ3,MLLT6,INPPL1,ALDH1A2,ZFHX2,ZNF827,AUTS2,ID2,DLX3,MSX1,TCF7L2,CACNA1A,TBX5,GDF7,HOXB6,CBX4,SALL3,WNT3A,ID4,DMRTA2,IRF2,NAT8L,PRDM12,LHX1,TRIB2,HOXA11,LMO3,ABI2,DLX1,CDK6,CNTFR,NR4A1,TBX2,SNED1,ERF,SLC1A2,SP8,ACHE,PAX2,PTP4A1,HOXA5,HOXD11,ST8SIA3,FOXL2,BRD3,AMOT,SIM2,NR5A1,ATF5,NUP62,ILF3,MLLT3,KCNJ12,LBX1,NHLH1,VANGL2,WNT5A,PRDM13,BACH2,HOXD4,FIBCD1,SP9,ATP2B2,PHF21B,GBX2,ZIC5,SOX1,TLX2,ARHGEF9,RHOBTB1,RIPK4,FZD8,NTNG1,ZNF516,RELN,PITX1,FBXO11,POGZ,CPA2,EN2,RFTN2,MAML3,RORA,RARG,SPTBN1,STAC2,TOX,RAD21,KDM4B,SDC1,FOXB1,SPTAN1,HOXD9,SCN8A,DPYSL5,NR6A1,TMEM59L,FLRT2,LMNB1,CGNL1,EFNA2,LSP1,PBX1,HNRNPL,BCL7A,HIP1R,SHH,LTBP1,EVX1,LHX4,HOXC12,HOXC10,DAB2,FOXN3,GRIN2C,RALYL,IRS1,ZMYM2,MRAS,TDG,NEUROD2,MIR196A1,JPH3,CLDN2,HOXB9,UBE2M,FAT1,FAM169A,ZNF462,SP7,TWIST2,GLI3,CHSY1,TPM2,MAFA,KLHL29,MEX3A,TMEM108,HOXC13,PHLPP1,DLX2,C6orf223,RIPPLY1,KCNK9,NPAS1,RAPGEFL1,USP49,CBX8,ANKRD13B,HOXB5,MAGI1,TLE1,DENND5B,FZD7,PTOV1,RHOBTB2,RIMS2,ZSCAN21,ADAM11,NAP1L1,MIR4298,TET1,KIF26A,PKNOX1,GPSM2,GGPS1,HNF1B,TOB1,BMP4,TRIM7,DUSP16,KLHL14,CAMTA1,AXIN2,NLGN2,TACC1,ONECUT3,GRID2,GAP43,PRTG,SLC17A7,WDR18,EFNA3,KLF3,SEMA6D,TAF4B,LHX2,IDH1,BAMBI,ALCAM,CORO6,TLX1,DOLPP1,SULF2,RBPMS2,ZFHX4,LRRC56,MED12L,KBTBD13,ETV5,TMEM200B,ZNF680,PTPRS,COL11A2,SFRP1,KCTD1,FAM53B,DNMT3A,TCF3,NKX2-6,HS3ST1,SDHAF1,TGIF2,NHS,TMEM105,RCOR3,ITM2C,GATAD2B,TRIB1,TBX1,ATP10A,METTL9,ISL1,SALL2,LZTS2,HERC1,LRRC38,LRRC37A3,PYGM,DLK2,TLK2,KIF17,PANX2,UGGT1,CLASP1,ABR,CLNK,COL9A3,DPF1,KIRREL3,ZNF711,HPCA,DOC2B,PLEKHA5,SET,SH3BP4,NPTX1,SLC38A3,QRFPR,SLC23A2,HOXC8,CCDC73,KLF11,TLE6,PTPN5,AATK,TEKT2,CDH2,REXO1,DCUN1D4,PTPRF,EPHA4,HTR4,NCAN,FOXA2,ZBTB10,TNIP3,TGFB2,SLC29A4,SLC6A9,CRABP2,ATRNL1,KLC1,HLF,ITGA9,TSPAN7,SEC14L4,HNRNPH3,ZNF518A,PBLD,FRMD6,SHC4,NLK,LEF1,CREBL2,STXBP5,SBNO2,AEN,CACNA1C,CHN1,DPEP1,PIKFYVE,CNR1,VCAN,STK11,FEZF1,CRTAC1,SCARA3,NTN5,KCNJ5,GREB1,ADAMTS7,CELF5,SCUBE2,HBP1,GNAL,PDE8A,HPCAL1,BEND3,MPP2,LYPD6,COG1,LHX3,TSC22D2,ZNF821,PRRT3,COL2A1,CABP7,SYBU,PPIA,S1PR3,EPHB2,PBX3,NFIC,PDZD4,NKD1,RUNX1T1,PKMYT1,SLC7A9,CIC,TRPM3,EMILIN3,IRX2,GATA4,DYNLL2,PDE9A,TRA2B,TMTC1,WT1,UBE2T,NRN1,REV1,TPBG,QRICH1,DEDD,GPR4,KLC2,SRSF2,CHAF1A,ZNF787,RRAS2,NPPC,ARNTL,ISLR2,OTX1,CNTN5,CDKN2D,KCNN1,GATA5,NFASC,HIC2,BMP7,NMU,TCF24,HSD11B2,SV2A,PTN,ACTR1A,HCN4,FAM168B,ETV4,REV3L,CACNG2,FAM155A,PDIA6,TMEM200C,SHMT2,FBXW4,PPM1E,SMAD9,DAAM2,ST20,SGPL1,LCOR,PCF11,PPP3R1,HEXIM1,FAM189A1,EEF1A2,GAPVD1,C19orf12,CIRBP,TEC,CYB5R2,MGAT5B,ZNF687,HOMER3,CHL1,TNFRSF13C,IKZF5,KDM5B,PARVB,SGCE,DLG4,ZDHHC22,SP5,PTPN3,EPHB4,NHSL2,NTRK2,KLF6,ZSCAN10,POU6F2,FGF10,TRAF5,SLC39A10,KIF5C,HMG20B,PEA15,KRAS,PERP,FGF12,KCNK2,GOLGA7B,HCN2,TRIM24,TOR1B,DCAF4,TNXB,PRKCZ,CAMK1,ZNF444,EIF4EBP2,MORC4,FOXH1,NR2F6,NUMB,BRPF3,NTM,SERPINE2,HMX3,ECT2,KLHL5,FDPS,RAB3D,FAM168A,HERC4,ZBTB34,HNRNPH1,AIFM3,AMMECR1L,ISM1,NTN4,NFATC4,CACHD1,HUNK,GPR85,RTN4R,SOX8,CACNB2,TRAPPC6B,CHRNA7,HELT,ZNF574,SPOCK2,CNGA3,GGNBP2,SNX10,WNT3,NR2C2AP,C22orf24,TBKBP1,DACH1,NACC1,KLHDC8A,PDK1,TMEM74,RFX7,SBF1,FRMPD1,B3GALT1,DMD,EHBP1,UST,ATL2,CHRDL1,AFF3,ZNF507,ITGA1,RABGAP1,RSPO2,SLC25A15,HMGCR,KCNG3,RHOB,SYT3,RAD51AP2,UNC5A,RASGEF1A,SUPT5H,GRIK5,RALGPS2,ELAVL1,ZNF503,PCGF5,DEGS2,ZNF696,DCC,RBM12,TAF7L,SDK2,PSEN2,PPP1R14A,KIAA1549,LIN28B,RBM14,LAMA2,DSTYK,ZNF652,DAPL1,FOXN4,RET,GLI1,NCKAP5L,DOC2A,KIF5B,SRP9,ZNF584,PRL,GLRX3,YAF2,ABCA5,MATN3,ASXL1,CGREF1,NUDT19,ARID3B,LRRC8D,GFRA2,SAR1A,AMOTL1,RBM42,GDPD5,EMX1,CSRNP3,NXN,EML6,C10orf82,USP44,GTF2E2,CNTN6,OLFM1,CHD5,RYR1,NETO2,CSNK1G2,JAKMIP1,CTNNB1,TNFSF13B,C5orf38,NPAS2,FGF9,BMP1,MYB,PCK2,MARK4,GABRD,RNF152,IRF2BP1,LIPA,TRH,SHROOM3,AKT2,CSMD1,ASCC1,ANAPC16,FADS1,RAB26,FADS2,DCXR,SORBS1,PIK3C3,DCAF5,RNF182,TRAF3,SMS,DHX30,MPP3,SESN3,GSG1L,SBK1,SORBS2
5	transfac_pro-M01965	0.0349682	3.15263	M3		RARG,GSK3B,L3MBTL3,PPP1R1B,SIM2,EN1,LRRC38,POLR2A,ZNF687,SLC26A3,ZNF143,TLE1,PABPN1,TLK2,CACNA1C,SATB2,ZFHX4,NR2E1,HOXB9,GGN,PAX6,LRRTM1,CCND1,IRF2BP1,INSM1,MLLT6,ETV2,VAX1,HOXB8,MSX1,LRRC4B,TSHZ3,IGF2BP1,HOXC9,DSTYK,LHX5,PDZRN3,HCN4,PITX1,HOXC10,SP9,TBX1,EN2,STXBP5,ATP2B2,ID2,SPTAN1,TPM2,CDK6,TMEM200B,NFATC4,TGIF2,CTDSPL2,ZIC1,TMEM59L,POGZ,TMEM74,EMX1,FIBCD1,DIP2C,S1PR3,CAMTA1,BAHCC1,APC2,MIR196A1,TRIM71,NFIX,SDK2,NTNG2,TM9SF3,SLC7A1,ASXL1,FAT1,FOXF2,TLX2,HOXC6,KLF3,CACNA1A,TBX3,FZD7,LHX4,CALM2,ALCAM,CBX4,GBX2,DNM3,STXBP6,GPR4,TCF7,ZNF503,SBNO2,NUDT19,CTBP2,PHF21A,WNT5A,HOXD3,YME1L1,LHX2,EVX1,VPS13A,SLC25A36,HOXB5,TBX5,HOXB6,PBX3,RORA,UST,PTPRF,ERF,HOXC4,CTNNB1,FOXH1,LIFR,CD2BP2,TRIB1,HMX3,CDH10,SMC3,FANCC,PDE9A,TET1,DOC2B,ACSS2,NKX2-2,AMOT,B4GALT6,TNFRSF19,HNRNPH3,PBLD,SERTAD1,PTP4A1,HOXD11,ATP1B2,NXPH4,HOXB3,RAPGEFL1,ST20,ST8SIA5,SLC6A9,CHST10,SOX1,NHLH1,SLC39A10,LPGAT1,ZNF521,ZIC2,BRD3,ENC1,DAB2,FGFR3,NPPC,JARID2,MGAT5B,GPRC5C,C3orf70,VAX2,ZNF516,ONECUT2,CRTAC1,BDNF,KLHDC8A,HOXD13,CDH2,SLIT2,GABBR2,HS3ST1,BCL11B,ARHGEF9,IRF2,SHMT2,SCRT2,BCL11A,ESCO1,PPRC1,ZFHX2,RGS7,NCBP1,CABP1,VANGL2,NRXN2,SS18,LIN28B,TCF3,FRMD6,FAM155A,SLC35F1,SV2A,CELF4,OLFM3,CALN1,GATA4,KLF6,NOX3,SESN3,HNF1B,PHF21B,ZNF821,PDK1,C1QTNF7,LYPD6,FLRT2,KCNK13,PKMYT1,AEN,ACTR1A,KCNN1,PSMD11,ZNF827,NFIC,ZSCAN10,ROBO1,TPBG,METTL9,FOXB1,AUTS2,ATRNL1,PDE8A,SIX2,NPAS2,SRSF7,HUNK,SLMAP,KRAS,CNTFR,CASZ1,ORC2,PLCL2,PAX7,VGF,ZMYM2,TBX2,SORBS2,TRAPPC6B,RHOBTB1,KHDRBS2,KLHL29,DLG4,PPP1R14A,GATA5,SMNDC1,BAMBI,TMEM105,HAND1,FOXA2,TMEM50B,ACAN,ABCA5,PAX2,DLX4,MC2R,EMX2,SEPHS1,SAR1A,DCAF4,CCNJ,SLC29A4,NTNG1,BAAT,HERC1,CSTF3
6	yetfasco-566	0.0349682	3.15263	M3		RARG,GSK3B,L3MBTL3,PPP1R1B,SIM2,EN1,LRRC38,POLR2A,ZNF687,SLC26A3,ZNF143,TLE1,PABPN1,TLK2,CACNA1C,SATB2,ZFHX4,NR2E1,HOXB9,GGN,PAX6,LRRTM1,CCND1,IRF2BP1,INSM1,MLLT6,ETV2,VAX1,HOXB8,MSX1,LRRC4B,TSHZ3,IGF2BP1,HOXC9,DSTYK,LHX5,PDZRN3,HCN4,PITX1,HOXC10,SP9,TBX1,EN2,STXBP5,ATP2B2,ID2,SPTAN1,TPM2,CDK6,TMEM200B,NFATC4,TGIF2,CTDSPL2,ZIC1,TMEM59L,POGZ,TMEM74,EMX1,FIBCD1,DIP2C,S1PR3,CAMTA1,BAHCC1,APC2,MIR196A1,TRIM71,NFIX,SDK2,NTNG2,TM9SF3,SLC7A1,ASXL1,FAT1,FOXF2,TLX2,HOXC6,KLF3,CACNA1A,TBX3,FZD7,LHX4,CALM2,ALCAM,CBX4,GBX2,DNM3,STXBP6,GPR4,TCF7,ZNF503,SBNO2,NUDT19,CTBP2,PHF21A,WNT5A,HOXD3,YME1L1,LHX2,EVX1,VPS13A,SLC25A36,HOXB5,TBX5,HOXB6,PBX3,RORA,UST,PTPRF,ERF,HOXC4,CTNNB1,FOXH1,LIFR,CD2BP2,TRIB1,HMX3,CDH10,SMC3,FANCC,PDE9A,TET1,DOC2B,ACSS2,NKX2-2,AMOT,B4GALT6,TNFRSF19,HNRNPH3,PBLD,SERTAD1,PTP4A1,HOXD11,ATP1B2,NXPH4,HOXB3,RAPGEFL1,ST20,ST8SIA5,SLC6A9,CHST10,SOX1,NHLH1,SLC39A10,LPGAT1,ZNF521,ZIC2,BRD3,ENC1,DAB2,FGFR3,NPPC,JARID2,MGAT5B,GPRC5C,C3orf70,VAX2,ZNF516,ONECUT2,CRTAC1,BDNF,KLHDC8A,HOXD13,CDH2,SLIT2,GABBR2,HS3ST1,BCL11B,ARHGEF9,IRF2,SHMT2,SCRT2,BCL11A,ESCO1,PPRC1,ZFHX2,RGS7,NCBP1,CABP1,VANGL2,NRXN2,SS18,LIN28B,TCF3,FRMD6,FAM155A,SLC35F1,SV2A,CELF4,OLFM3,CALN1,GATA4,KLF6,NOX3,SESN3,HNF1B,PHF21B,ZNF821,PDK1,C1QTNF7,LYPD6,FLRT2,KCNK13,PKMYT1,AEN,ACTR1A,KCNN1,PSMD11,ZNF827,NFIC,ZSCAN10,ROBO1,TPBG,METTL9,FOXB1,AUTS2,ATRNL1,PDE8A,SIX2,NPAS2,SRSF7,HUNK,SLMAP,KRAS,CNTFR,CASZ1,ORC2,PLCL2,PAX7,VGF,ZMYM2,TBX2,SORBS2,TRAPPC6B,RHOBTB1,KHDRBS2,KLHL29,DLG4,PPP1R14A,GATA5,SMNDC1,BAMBI,TMEM105,HAND1,FOXA2,TMEM50B,ACAN,ABCA5,PAX2,DLX4,MC2R,EMX2,SEPHS1,SAR1A,DCAF4,CCNJ,SLC29A4,NTNG1,BAAT,HERC1,CSTF3
7	yetfasco-2245	0.0349616	3.15102	M3		POLR2A,MLLT6,RARG,IGF2BP1,L3MBTL3,PABPN1,GSK3B,VAX1,ERF,CIRBP,TLE1,R3HDM1,SRSF2,NRXN2,HOXD13,LRRC38,DLG4,NTNG2,ZFHX2,LRRTM1,PPP1R1B,MIR196A1,ZIC1,UBE2M,BMP1,HOXC10,ZNF143,ZNF462,EMX1,CTDSPL2,LEF1,NAA35,WNT5A,ZMYM2,SCRT2,SMNDC1,MEX3A,SATB2,CCND1,NKX2-2,PAX2,CNTFR,FIBCD1,INSM1,TMEM200B,HOXA4,SP9,SALL3,ONECUT3,PITX1,FBXO11,BCL11A,JPH3,RFTN2,POU4F1,SHH,ZNF687,CBX2,RUNX1T1,EN1,NPAS1,KLHL14,UNC5A,CDK6,LRRC4B,C1QL4,DNAJC22,FAT1,BAHCC1,NR6A1,TMEM59L,UST,TBX1,TRIB1,GSC,CHAF1A,AKIRIN2,ST20,RHOBTB1,PERP,TESK1,PAX6,NR2E1,CELF4,TLK2,LHX5,ATP2B2,KLF6,GABPA,GRIN2D,MYLK2,SIM2,HOXD11,SCD,BRD3,B4GALT6,KLF3,PTPRS,WSCD2,SIX2,EVX1,SH3BP5L,COL2A1,ZNF827,SESN3,LTBP1,DMRTA2,TBX5,HOXB8,CACNA1C,TRIB2,MYH10,SERPINE2,BDNF,ZFHX4,LMNB1,LMX1B,FGF12,SLC6A9,SP7,ZNF516,USP6NL,DIP2C,KLF16,PTP4A1,HOXB3,LHX4,MGAT5B,DPYSL2,DYRK1A,ISL1,NLGN2,SYNE1,NRIP3,TMEM74,PAX7,TBX3,ROBO1,KIF1A,HERC1,HOXA11,PHF21B,GDNF,EGLN1,POGZ,GPR162,HOXA9,AP1M1,RELN,AATK,HMX3,NEUROD2,ESRRG,PRDM12,SEPHS1,DNAJB1,AXIN2,HOXC13,CD5,WDR83,HOXC6,SALL4,CASZ1,DNMT3A,FADS2,KIF5C,LRRC8D,ANKRD34A,ZIC2,CAMTA1,ATP1B2,CHSY1,HNRNPH3,EIF4EBP2,FRMPD1,PBLD
8	flyfactorsurvey-PhdP_Cell_FBgn0025334	0.0349068	3.13765	M1	PHOX2B,PHOX2A,RAX,HESX1,NKX1-2,NKX1-1	GSC,SALL3,NTNG2,CCND1,HOXC4,HOXC6,SULF2,NPAS1,NXPH4,STAC2,EN1,NRXN2,ADAM11,SHMT2,MYLK2,IRX4,SSBP4,HOXA9,DMRTA2,GNG8,DLX1,WNT11,FOXB1,REEP1,LBX1,SLC8A2,NKX2-2,CNR1,BAHCC1,ENC1,C1QL4,DNAJC22,TGM1,ZNF143,PPP1R1B,KALRN,ZNF536,SEPHS1,HOXA5,CELF4,TBX1,WNT3A,SPTBN1,SDK2,INPPL1,BAMBI,HDAC4,SP8,PAX7,ZNF787,GBX2,BRD3,SIX2,EMX2,CIC,POU4F2,MSX1,NPTX1,PAX2,ATL2,TSHZ3,IHH,PTPRS,HOMER3,PAX6,ONECUT2,TLE1,CABP7,TRIM71,VANGL2,VAX1,TBX5,SATB2,ID2,ZNF652,PHF21B,HOXB5,C6orf223,HOXC12,ST8SIA3,NAT8L,BAIAP2L2,CHRDL1,ZIC2,MLLT6,EFNA2,ZIC5,INSM1,ADAM19,BCL11B,PRDM12,TBX2,TMEM105,HOXD3,NR4A3,ITGB5,SLC1A2,UNC5A,BCL11A,SDHAF1,ZNF444,LMO3,KCNJ12,HELT,KLHDC8A,LHX5,NR2E1,CHST10,CSMD1,ZNF462,ONECUT3,SHH,VAV2,LIPG,NOX3,CIRBP,RYR1,OTUB2,CACNB1,PTPN3,DPEP1,TRAF3,SP9,ZNF618,NKX2-5,C1QTNF7,CGREF1,SCN8A,PRDM13,POMC,HOXA4,RPTOR,WNT5A,SOX1,GPRC5C,PYGM,MIR196A1,CASZ1,NFASC,CDK6,CDK2AP2,LHX4,CRABP2,HOXB7,LRRC4B,JPH3,HOXB6,ZFHX4,GAS2L3,GDF7,NLGN2,TEKT2,B3GAT1,EFNA3,ADCYAP1R1,NKD1,ABR,ESRRG,COL11A2,SPOCK2,NR1I3,SPAG5,KCNK9,TLK2,SIM2,PLD1,NTNG1,CACNA2D2,PEG10,MAPRE2,RNF122,ISM1,MED27,DNMT3A,IRS1,ASGR1,SDC1,HOXC8,LIN7A,EVI5L,DOC2B,ADO,ANO4,SALL4,NPAS2,MAP2K7,GJB3,ARHGEF25,ANKS6,CCDC106,MARK4,PDZRN3,SRP9,C19orf12,SLC23A2,LONRF3,SPTAN1,FEN1,SEMA6D,HPCA,FBXO11,NEUROD2,FARP1,PTX4,KIF26A,CNTFR,EPHB4,SLC19A1,DYRK1A,HOXB9,DPP10,EFNB3,CHRNA4,EMILIN3,TRIB2,FGFR3,KLF3,DENND5B,SLIT2,DAPL1,APOBEC2,BCAP29,HOXD9,PRSS27,DACH1,MORC4,DIP2C,TBX4,KRAS,JARID2,ATP6V1B1,ALDH1A2,KCNJ5,ACHE,CBX4,FOXF2,RUNX1T1,COL2A1,GABRD,TBX3,PSMB5,GPR4,RIPK4,RARG,NANOS1,IGSF10
9	yetfasco-2136	0.0347791	3.10648	M3	FLI1	POLR2A,CCND1,HOXC6,PABPN1,FAT1,GPR85,HOXC4,TMEM59L,GSK3B,SCRT2,NFIX,MLLT6,BDNF,NPHS1,NTNG2,AFF3,NLK,PAX7,NR4A3,ATF5,VAX1,NUP62,DYRK1A,SEPHS1,C1QL4,DNAJC22,HOXA4,INSM1,SIM2,HOXC10,CDC42SE1,SALL2,CDK6,HOXD13,SALL3,TMEM200B,HDAC4,EN1,FBXO11,ZFHX4,IGF2BP1,LRRC38,ERF,PHF21A,NRXN2,ZIC1,USP6NL,AKIRIN2,MEX3A,CADM1,TOX,RELN,GPR4,WNT11,TRIM71,ZNF462,ZFHX2,LMNB2,DIP2C,WNT3,ABI2,BCL11A,CACNA1C,LRRC4C,FOXN4,TACC1,TLK2,BRD3,TRIB1,FZD7,SP9,DLG4,HOXC9,HOXD3,ETV1,CTBP2,BAHCC1,KIF5C,HOXB6,CBX3,L3MBTL3,CNTFR,NKX2-5,IRF2,CACNA1A,PRDM12,PITX1,NTNG1,ZNF827,SATB2,KLF14,AUTS2,NKX2-2,FLRT2,RFTN2,CUX2,KCNK2,ESRRG,EMX1,NEUROD2,TBX5,NHS,TPBG,SUPT5H,TLX2,CASZ1,HOXB3,LHX4,NCAN,TLE1,ZMYND19,CLSTN3,FGFR3,SORBS2,LCOR,IRS1,PPP1R1B,DMRTA2,VANGL2,HERC1,CBX4,LSP1,TLX1,GPR137,RGL2,HOXA11,GATA4,MARCKSL1,SHH,HNRNPH3,PBLD,TCF3,SCN8A,ZMYM2,HOXC12,KLHL29,ZNF143,PTPRS,SLC17A7,NR2F6,LHX5,MSI2,KIF1A,SPTBN1,PGM5P2,PAX6,CACNA1G,DAB2,HOXB8,ZIC2,EVX1,ZIC5,SLC6A9,ARHGEF9,GLI3,DLX3,TSHZ3,ISL1,CLDN2,HAND1,PGM5,MSX1,RNF182,GAP43,PHF23,CCDC73,FAM189A1,TAOK2,TBX3,GOLGA7B,APOBEC2,GSC,EN2,DLX4,AMOT,HNRNPA2B1,HOXA9,NR2E1,CHAF1A,BMP1,SV2A,UNC5A,PIGM,FOXN3,TRPM3,ATP2B2,LRRC4B,CELF4,EMX2,PKMYT1,SEMA6D,NXPH4,SET,OPCML,HOXB9,EIF4EBP2,ALCAM,RIPPLY1,RALGPS2,DLGAP3,ANP32B,HOXD4,NTN4,FOXB1,REEP1,OTX1,JPH3,FZD8,PCGF5,CABP7,REV1,B3GAT1,CGNL1,TMEM200C,TFCP2L1,TRIB2,GDNF,ID4,DNMT3A,GGPS1,TNXB,VDR,CNTN5,ST20,HNF1B,LMO3,ASXL1,PTP4A1,MGAT5B,NPAS1,SCD,GPRC5C,MIR196A1,SDK2,SP7,GFRA2,MICA,NCKAP5L,PAX2,ZNF680,SMS,ACYP1,HNRNPH1,DEDD,HS3ST1,FEZF1,DUSP16,PIKFYVE,SMNDC1,SOX1,ONECUT3,ONECUT2,GNAL,FRMPD1,HOMER3,VGF,GRID2,CBX8,LIX1L,ROBO1,CHST1,LMNB1,HOXC13,CHSY1,CHST10,HOXD11,HMGA2,EXT1,DPYSL2,WNT5A,SORBS1,ZNF618,SALL4,CHN1,DYNLL2,SRRM4,ZNF711,POU4F1,TRIM28,BACH2,OXR1,MLLT3,DPP10,CBX2,SDC1,GABRD,KRAS,POU4F2,GATA5,QRFPR,PBX1,PHLPP1,RGS7,SYBU,RASSF3,TRAF3,MPP2,SIX2,ZNF574,CREM,PERP,THPO,PHF21B,CHRNA7,CTDSPL2,SERPINE2,RARG,CAMK1,ABCA5,RBFOX3,NUMB,EFNA3,FOXL2,KREMEN2,FANCC,LONRF3,REM2,TRIM24,PTPN3,CAND2,NOVA2,FGF12,CHRD,SPTAN1,LYPD6,NAP1L1,ADRA1D,ZNF496,HNRNPU,PLEKHA5,CRMP1,ASCC1,FREM2,NLGN2,TGIF2,ZNF787,RBPMS2,PTOV1,WDR83,TMEM108,POGZ,BMP4,HCN4,CAPN5,SHMT2,ARNTL,KDM5B,ETV5,DUSP14,MEST,LZTS2,LIN7A,KCTD1,DMD,CAMTA1,ANKRD44,NFIC,GATA3,CTNNA2,ZNF148,MAFA,RASGEF1A,BMP6,SBNO2,KCNN1,PAK4,DOC2B,SYMPK,VCAN,TCF7L2,GPR162,CSRNP3,CDC34,LMX1B,EHBP1,TPM2,SGCE,IHH,DACT1,FAM168A,ATRNL1,RUNX1T1,DAAM2,NMU,PDZRN3,LGR5,RFX7,MAML3,SS18,RRM2B,DTX3,KCNK9,FNTB,SOX8,UGGT1,RHOBTB1,SYTL2,RAPGEFL1,CRABP2,USP44,TNIP3,TUBB2B,RRAS2,KLF3,ATP10A,LRRC8D,NSD1,FAM53B,ITM2C,SFRP1,EPHA4,ZNF516,CACHD1,PDE9A,REEP4,SP8,ZNF660,ZNF687,ID2,ZNF280D,PLAC1,PPAN,CCDC9,ETV6,BEND3,FRMD6,COL11A2,INPPL1,ARHGEF25,GTPBP3,KLF6,FOXA2,ITGA1,MED27,DLX1,ZNF296,WSCD1,SRSF2,PPP3R1,NR6A1,ASB6,KLHL25,GLI1,IL11RA,ATXN2,NTM,CCDC102A,CLNK,RBM42,LTBP1,C19orf12,S1PR3,UBE2T,DCAF4,SLC9A3,HOXB7,KLF16,EGLN1,HBP1,CNTN6,USP49,GBX2,DACH1,SLC22A11,CALM2,WNT3A,ACHE,CLCN2,POU6F2,TBX1,CACNG2,KCNC2,CDH2,SV2C,MUC1,DLC1,RIMS2,C6orf223,BCL7A,ZBTB10,TBX4,NPAS2,RAB30,SYT17,TYRO3,HCN3,SPACA3,OXGR1,GGN,SESN3,TET1,IRX4,DLX2,FBXW4,TNFSF4,KIRREL2,HMX3,RNF122,GSK3A,FAM169A,RALBP1,GRM3,ZNF672,FBXL7,HMG20B,ANAPC16,LIN28B,NTSR1,SNX10,RNF41,ANKRD34A,PPIA,BCL11B,NPTX1,GDF7,B4GALNT3,FIBCD1,SLC4A1,GATAD2B,SLMAP,HOXD12,NETO2,HDAC2,SLC7A1,PRR9,FADS2,RUSC1,ZNF521,ABR,HELLS,ZBTB5,ZNF518A,ZNF648,SCUBE1,PID1,GIPC1,ZNF536,UPK2,PLCL2,DCN,MTMR4,NR2C2AP,GAS2L3,SLC25A39,FOXF2,LHX1,DRD4,SMURF2,KBTBD13,ATL2,ANG,RPP30,CRTAC1,ADCYAP1R1,DCUN1D4,HPCAL1,FAM171A1,PKNOX1,SIX5,ZNF628,CD2BP2,SPTBN2,HNRNPL,POLRMT,JAM2,NBPF1,LEFTY2,AMFR,KCNJ5,BIRC2,PRKCG,ELOVL1,SMYD3,ANKRD13B,ADAMTS7,CACNA1S,PRRG3,KIF26A,AEN,TNFRSF19,NR5A1,HUNK,GNG12,COL18A1,UNC5C,ZDHHC22,TMEM211,RORA,NHLH1,ST3GAL4,C1QL2,AGTR1,GPR149,CNGA3,RALYL,SKAP1,RORB,ZNF75D,SULT1A1,ATP10D,TAF4B,AATF,VGLL2,PLD1,FAM107B,NAA35,HOXA5,FIGNL2,MYB,EDNRB,SPRR3,CEP97,PTPRE,HOXB5,JARID2,MAPK1IP1L,FOXE1,RPRM,ILF3,KALRN,RASL10B,BCAN,FAM155A,TBX2,MAPK14,ZNF488,CSMD1,NKX3-1,CALY,SLC39A10,AXIN2,ST8SIA5,ZBTB2,CALN1,EPB41L1,ATR,RBM8A,SLC1A2,DNM3,MOXD1,OLFM1,MLLT1,SAR1A,EPHB4,SLIT2,GPSM2,GRIN2D,SLCO1A2,TSC22D2,IFFO2,CCDC77,CHL1,LEF1,MYLK2,MEGF10,GRIN2C,TWIST2,SH3BP4,NNAT,RIPK4,ST3GAL5,SHROOM4,SOCS7,TBXA2R,ARNT2,PRTG,DSTYK,SAMD4B,FZD10,FLVCR2,ZSCAN21,SHISA6,NRN1,SCARA3,ZC3HAV1L,SLC25A25,SYT16,FGF10,HIC2,CHKA,STAC2,GABRA5,TMEM74,LAMA2,SLC26A3,SLC9A5,HTR4,BAMBI,LRRC66,CENPT,DEGS2,NBPF3,LIG1,TSPAN8,C1QTNF7,EEF1D,SLC8A2,ANTXR1,IQCA1,KLHDC8A,SLC24A5,FHOD1,HMGN3,IGFL2,DCC,RAPGEF1,LTB4R,ARL8A,FAM161A,BMP7,RSPO2,HSD3B2,VSNL1,SLC25A36,COPS7B,TSPAN7,FAM89A,SNED1,TGFB2,NTN5,SLC22A3,IDH1,SMAD9,SSBP4,VAV2,XYLT1,TRAF5,ALDH1A2,KCNQ2,JPH2,TNFSF13B,ABLIM1,DPF1,MCC,SDHAF1,B3GALT1,CACNG7,WDR5,MARK1,ISM1,LDB2,PDZD4,RHOF,VLDLR,AMMECR1L,GSC2,TCF7,ARTN,URM1,HOXC11,CACNB4,CNR1,MED12L,CDX2,ZNF503,POR,LRRTM1,GABPA,NEK6,SCT,TP73,FARP2,GPR137B,HOTAIR,HOXD9,SERPINA12,RNF7,NAT8L,EMILIN3,ELP4,NKD1,MAGI1,CDC37,MC2R,SKA2,SORBS3,LHX2,LDLR
10	homer-M00674	0.0347451	3.09819	M1	HOXB6,HOXA5,HOXB5,HOXC6,HOXA6,NKX6-2,GSX2,NKX6-1,MNX1,NOBOX,EP300,HOXB3,TLX2,GSX1,LMX1B,HOXB2,PRRX1,PDX1,LHX2,RAX,LMX1A,NKX1-1,NKX1-2,TLX3,TLX1,NKX6-3,VENTX,HOXD4	STAC2,FOXB1,NTNG2,NRXN2,IRX4,DMRTA2,MIR196A1,SULF2,ADAM11,SHMT2,HOXC4,HOXC6,SSBP4,SLC8A2,HOXC12,TGM1,SALL3,C1QL4,HELT,EN1,ZNF652,NXPH4,VANGL2,SDK2,ZNF536,DLX1,NPAS1,GSC,LMO3,CIRBP,PAX6,TBX1,SEPHS1,DNAJC22,LIPG,COL11A2,ZFHX4,KALRN,MPP2,PPP1R1A,CELF4,C1QTNF7,ESRRG,EMX2,EFNA3,BRD3,CIC,GNG8,CACNB1,FZD8,HOXD3,CNR1,PRDM12,CCND1,ZNF516,NKX2-2,HOXA4,KCTD1,INPPL1,GBX2,ZNF444,BCL11A,MYLK2,PPP1R1B,REEP1,SP9,PRDM13,NR4A3,EFNA2,CA4,HOXA9,NTNG1,BAIAP2L2,DAPL1,BAMBI,NOX3,ZFHX2,SOX1,DOC2B,NR2E1,SRP9,FARP1,ZBTB34,KCNJ12,MYEOV,ID2,CABP7,NLGN2,ASB6,NKX2-5,EVI5L,HDAC4,ST8SIA3,RARG,NPTX1,KRT23,NR2F6,HOXA5,UNC5A,PTPRS,SP7,DIP2C,ZNF462,ENC1,WT1,TLE1,TSHZ3,TAC3,CADM1,JPH3,VAX1,ADO,MAPRE2,DENND5B,MAP2K7,CRABP2,KLHDC8A,KCNK9,C6orf223,OTUB2,HOMER3,MED27,MEX3A,ONECUT2,SDHAF1,CSMD1,DACH1,MYO19,TRIB2,MSX1,HMGA2,TYRO3,POU4F2,SIM2,LRRC4B,CASZ1,NFASC,IHH,RORA,LIN28B,CACNA1B,LHX1,ZIC5,LHX5,KLF3,IRS1,CNTFR,SERPINA12,SATB2,GDF7,CBX4,ANO4,RBFOX3,OPCML,MMP17,BAHCC1,PLD1,ALDH1A2,SLIT1,CDK2AP2,VAV2,HOXB3,MLLT6,ZNF787,ANKRD13B,BMP7,VLDLR,TBX4,ADAM19,ONECUT3,SP5,TMEM105,POU4F1,LBX1,HOXB9,DACT2,STMN2,CGREF1,TET1,EN2,CLNK,TPM2,GLI3,UNC5C,TRAF3,PPP6R2,CACNA1G,HOXB5,ZNF143,SPTBN1,SCN8A,LYG1,DPP10,WNT3A,DISP1,DACT1,RORB,PHLPP1,KCNG1,SPAG5,ARNTL,SRCIN1,COL2A1,SPOCK2,FOXN3,ANKS6,CHD5,PPM1E,MARK4,RUNX1T1,SLC1A2,ITGA1,KBTBD11,ITGB5,JARID2,SLC23A2,ATL2,POMC,PDE2A,SCARB1,ZNF507,ACTN2,PDZRN3,TEKT2,TNFRSF19,LHX2,TUB,WNT11,MGAT5B,SGSM1,RHBDD1,LRTM1,SHH,CDK6,KLC1,S100G,RPP30,GPRC5C,PITX1,FBXO11,KLHL25,SKAP1,TTYH1,CDH12,B3GALT1,ERF,HOXC10,SNED1,AKT2,SLC38A3,DNMT3A,DLGAP3,BCL7A,ABR,ATP6V1B1,NR1I3,ZNF521,HNF1B,APOBEC2,HOXD13,TRIB1,SIX2,ZIC2,ATP2B2,PTN,TBX5,RET,DPYSL2,ARHGEF25,OLIG1,DCAF15,EFNB3,ACHE,CHST1,ALKBH5,KCTD20,TNIP3,RASL10B,LHX4,DPEP1,DPY19L2P4,HOXC13,WNT3,FAM168A,CCDC73,L3MBTL3,KIF26A,RBM14,TBX2,MLLT3,TOB1,ADCYAP1R1,CHST10,IL17RD,NAP1L1,HPCA,HMGCS1,NKD1,SLC6A9,NOVA2,CTBP2,FEN1,KCTD6,NPAS2,RTL1,PDLIM2,SYT9,ITM2C,CALN1,HOXC8,KCNJ5,MARK1,SYTL2,KRAS,RASGEF1A,SLC39A10,MOXD1,DDX20,EPHB2,PSMB5,PTX4,SCRT2,BMP4,AMOT,EPHB4,TNFRSF25,PSMB11,TCF7L2,MAGI1,OPA3,STXBP5,GSG1L,CLDN2,AUTS2,KIF16B,FIBCD1,CHODL,KDM5B,KLHL5,ESCO1,CHRDL1,CACNG2,TMEM120B,PSMD11,SOBP,CSRNP3,ZMYND19,PAX2,TLX2,KCNK3,HIC2,HIP1R,RNF122,QPCT,CNTN5,TMEM200B,TRIM24,PAX7,PERP,CRMP1,RHBDL3
11	homer-M00592	0.0346684	3.07946	M1	LHX2,LHX9	STAC2,NKX2-2,LHX2,NXPH4,NRXN2,C1QL4,NTNG2,BAHCC1,NPAS1,IRX4,COL11A2,HOXB5,ZNF536,SDK2,SALL3,CIRBP,ADAM11,WNT11,EN1,SLC8A2,ERF,ZNF787,BCL11A,BRD3,MSX1,SALL4,HOXC4,HOXC6,CCND1,INPPL1,SULF2,SIX2,CELF4,CABP7,DNAJC22,HDAC4,DMRTA2,UNC5A,HOXA9,TSHZ3,PAX6,SATB2,SHMT2,GBX2,EMX2,GNG8,VAX1,DLX1,REEP4,ISL1,TGM1,JPH3,SSBP4,SHH,WNT3A,CNTFR,PTP4A1,ZNF143,NCKAP5L,CASZ1,SP9,GSC,ZNF652,EFNA2,WNT5A,CACNA1C,ONECUT2,HOXB9,CADM1,KCNK3,ST8SIA3,PRDM12,EFNB3,TBX5,HOMER3,CACNB1,TLK2,PCSK4,TMEM200B,TBX1,CUX2,IHH,TMEM105,KCNK9,IRS1,ADAM19,KCTD1,HNF1B,RASGEF1A,MIR196A1,ESRRG,CSMD1,TRMT2A,INSM1,FGF8,LIPG,RSPO2,CHST10,SCRT2,TRIB2,LBX1,CRMP1,PTPRS,KCNQ4,TBX2,NR4A3,DLX2,VANGL2,LMO3,NFASC,ONECUT3,SOX1,RARG,BAMBI,MYLK2,PYGM,ALKBH5,CNR1,TYRO3,DDX20,TMEM59L,ZBTB34,SLC1A2,HOXA4,PPP1R1B,CNBP,WT1,GLRX5,LRRC4B,MLLT6,LRRC4C,DENND5B,PAX7,BAIAP2L2,MLLT3,WFIKKN2,SDHAF1,ATP6V1B1,ZFHX2,KDM4B,TLX2,FOXB1,USP43,MED27,HOXC12,EFNA3,SP5,PHF21A,KALRN,NR2E1,NHS,SLIT1,LHX5,HOXD3,IGF2BP1,LYPD6,ETV1,SLC6A9,MPND,CBX4,ZNF77,MAP2K7,HMX3,ZNF521,NHLH1,C19orf12,CRABP2,ZIC2,ZIC5,NKX2-5,ADO,ANKS6,NLGN2,POU4F2,SEPHS1,ZNF444,DNMT3A,KCNJ12,FEN1,NOX3,SKAP1,HOXA5,CACNG2,SRP9,TRIM71,ARHGEF25,FZD8,DYRK1A,SIM2,B4GALT5,BCL11B,ABR,NTNG1,ZFHX4,SMYD2,VLDLR,KLHL5,SP7,GRIN2D,PCK1,PKMYT1,EVI5L,FAM171A1,RET,IL23R,DPEP1,TOB1,SDC1,PBX3,DLGAP3,KCTD6,AUTS2,VAV2,ITGB5,HMX1,PTF1A,TWIST2,B3GAT1,KRT23,KCNJ5,ARNTL,NPAS2,KLC2,ATP2B2,KBTBD11,USP6NL,LYG1,ST8SIA5,MEX3A,SRCIN1,CIC,CSNK1G2,EPHB4,BEND5,SEMA6D
12	homer-M00699	0.0346449	3.07371	M1	HOXC8,HOXB8,HOXD8,DBX1	CCND1,STAC2,ADAM11,EN1,NXPH4,HOXA9,BAHCC1,ZNF143,NTNG2,IRX4,HOXB7,SALL3,GSC,BCL11B,REEP1,WNT11,SULF2,LHX5,SEPHS1,PPP1R1B,PAX2,NKX2-2,HOXA5,HOXC4,FOXB1,HOXC6,C1QL4,DNAJC22,HDAC4,HOXD3,NRXN2,GBX2,PAX7,SATB2,INPPL1,TSHZ3,NPAS1,VAX1,SIX2,SSBP4,DMRTA2,SHMT2,ONECUT2,VGF,DLX1,ZNF536,POU4F2,CELF4,CIC,VANGL2,TRIB2,MYLK2,IHH,SLC1A2,MLLT6,EMX2,WNT3A,BAIAP2L2,RIPK4,NPTX1,TGM1,NR4A3,PRDM13,TRIM71,ENC1,CABP7,MSX1,ST8SIA3,HELT,EFNA2,NR2E1,TBX1,TLE1,RHOBTB1,NKX2-5,ZNF652,SLC8A2,ETV4,C6orf223,NKD1,AUTS2,KCNK9,GNG8,HOXC8,C19orf12,SDHAF1,ANKRD13B,CDK6,ZIC2,ZIC5,BMP7,PAX6,PTPRS,ID2,DENND5B,CNR1,TOB1,TBX5,KALRN,TMEM105,HOXA4,SDK2,BCL11A,DPF1,LMO3,FEN1,SHH,CASZ1,CRMP1,HOXC9,COL11A2,NACC1,KIF26A,WNT5A,NEUROD2,EPHB4,ZNF444,TEKT2,CGREF1,EFNA3,KCNJ12,HOMER3,FIBCD1,SP9,NAT8L,ADAM19,HOXB9,HOXB5,CNTFR,SOX1,PRDM12,DLG4,FOXF2,SLC23A2,MARCKSL1,SPAG5,SP8,DPEP1,VAV2,ONECUT3,LHX2,IRS1,ZFHX2,GDF7,ABR,RPTOR,MARK1,NFASC,FGFR3,CHST10,RNF41,HOXD4,KRT23,CLNK,HPCA,TBX2,ANKS6,PTP4A1,FARP1,LBX1,LHX4,TYRO3,PKMYT1,ZNF787,POU4F1,SCN8A,GPR4,IGF2BP1,MARK4,CACNA1C,PHF21A,TBX3,MIR196A1,RASGEF1A,CCDC106,NOX3,JPH3,TCF7L2,SPTBN1,KRAS,TLK2,TGFB2,KLHDC8A,FBXO11,MMS19,CIRBP,SIM2,CBX4,LYPD6,INSM1,SLIT2,FZD8,TMCC1,HOXC12,TRAF3,L3MBTL3,JARID2,ANO4,BRD3,ESRRG,LMX1B,APOBEC2,ZMYM2,TRMT2A,BAMBI,NR6A1,RUNX1T1,KLF3,MAPRE2,PRSS27,DYRK1A,CRABP2,MED27,BDNF,DNMT3A,COL2A1,CGNL1,TIMM17A,STXBP5,B3GAT1,IRF2,WT1,RAI1,SEMA6D,ASGR1,SALL4,PALM3,DCC,HOXC10,BCL7A,ZNF687,PHLPP1,PTPRF,HIC2,RAD21,EFNB3,ATP9A,GRIN2C,CDK2AP2,FOXN3,POGZ,HOXB6,BCAP29,SP7,PLD1,PHF21B,GDPD5,MEX3A,BMP4,MLLT3,NR1I3,PTPN3,FAM168B,USP43,ZNF618,CHRDL1,ERF,RNF122,WFIKKN2,TDG,DUSP14,CALN1,GYG2,PAK4,PTCH2,ISM1,ZNF462,ZNF827,SRCIN1,POMC,AFF3,STMN2,GAS2L3,PSMB5,ZBTB34,SNED1,SLC17A7,UBE2T,MATN3,SPTLC2,NR4A1,SH3BP4,PTX4,NMU,NANOS1,KCNG1,FLRT2,GPRC5C,EVI5L,MORC4,SLC9A3,RORA,SP5,PIK3C3,ZFHX4,DOC2B,TPM2,NETO2,HMG20B,HNF1B,GJB3,LMNB1,ZDHHC22,ZNF516,RET,KIF17,KLHL25,LRRC36,MMP17,BEND3,DDX20,EMILIN3,WDR18,SLC19A1,KCNJ5,KREMEN2,SRP9,GDNF,MREG,SRRM4,WIZ,IFFO2,YAF2,ETV1,ZSCAN10,LIPG,SLC6A9,USP49,C1QTNF7,CSRNP3,TLE6,HIP1R,KCTD6,TET1,EFNB1,CNTN2,FAM169A,CAMTA1,CHRNA4,SLC22A3,ETV6,NDUFA11,TTYH1,MEST,ATP2B2,CACNA1A,TBX4,KCNB1,SRSF2,HAND1,EPHA4,CA4,DAPL1,UNC5A,SLIT1,CORO6,SERPINA12,TRIB1,ARNTL,CTNNB1,HOXD13,REV1,PIN1,ITGB5,ITGA9,KDM4B,ZIC1,ASB6,NTNG1,PCK2,CDKN2D,SHC4,NRN1,PSMB11,DLK2,ADCYAP1R1,LRRC4B,ID4,CCDC73,GNB3,METTL9,DCAF15,BAAT,ZNF148,HPCAL1,PBX3,EPHB2,SLC44A2,TROAP,POLRMT,CLASP1,TRAF4,TPBG,KBTBD11,DBNDD1,CADM1,MPP2,PPA1,SLC29A4,CSNK1G2,RGS7,ACAN,CACNA2D2,HNRNPL,SCN2A,FAM163B,WNT10B,ETV5,KCTD20,SPTAN1,DLX4,WNT1,ACTN2,TLX1,CHD5,CHL1,CACNA1G,KLHL29,PBX1,SCRT2,B4GALT5,AKT2,GSK3B,MSI2,ST6GALNAC5,HOXB3,RBFOX3,CDH10,PPP2R5B,DIP2C,GINS4,MRAS,LHX3,TNIP3,PRKCZ,RYR1,ZNF584,SRSF3,MGAT5B,ZMYND19,MYEOV,DPP10,USP6NL,OTUB2,ZNF680,HOXC13,DHX30,KCNN2,SDC1,NUMB,FAM53B,CACNG2,KCTD1,HBP1,CUX2,C16orf92,NR2F6,FOXA3,DSTYK,FNTB,ARMC6,OPRL1,TRIM24,HNRNPH3,HUNK,LYG1,PEG10,ACHE,HTR6,POLD2,OTUD3,HAO2,FAM166B,SYT3,NCKAP5L,NLGN2,PBLD,ITM2C,FRMD6,COL18A1,PRTG,SORBS2,PDE8A,SPOCK2,HOXD9,NEFM,RAPGEFL1,NTRK2,SLC4A3,KIAA1549,ISL1,ARHGEF25,RANBP9,CAMK2G,AMMECR1L,SV2C,PLAC1,REEP4,ZSCAN21,GATA4,TRH,PARVB,CTNND2,GRIN2D,PPARA,MAPK1IP1L,MMEL1,IGSF10,FGF10,CTBP2,SBNO2,CHRFAM7A,DEDD,DLX2,TMEM132B,RHOBTB2,ST6GAL1,QPCT,SNX10,FADS2,NR5A1,C1QL2,TCF24,KCNN1,HECTD2,C17orf50,ZNF507,CYB5R2,ULBP3,GNAL,HMGA2,PDLIM2,CBX8,CROCCP3,PPM1E,TM4SF19,KCNMB4,EPO,LPGAT1,IKZF5,BACH2,DPYSL2,PLEKHA7,CDC25A,EIF4EBP2,JAKMIP1,ALG1L2,RTN4R,BAIAP3,ALDH1A2,PI4KAP2,GABRD,IRF2BP1,MAPK8IP2,KIF5C,PYGM,ILF2,EXT1,MYH10,HSD11B2,SULT1A1,DCAF5,CLDN1,FAM171A1,RPP30,RAB11FIP5,MTG1,IGDCC3,AATK,TAF4B,WDR20,AP2M1,FADS1,TBXA2R,SRMS,CAMK1,OXGR1,NFIC,LRRC37A3,KLHL14,NUDT19,FOXA2,ATP6V1B1,SNRNP70,NTM,SYT17,TCF3,IGFBPL1,PARD3,DACT3,LRRC38,AMOT,PDX1,CAPN5,CD5,DCXR,CEP164,LSP1,RIMS2,SMAD9,RAPGEF1,TLX2,TRIM59,DEGS2,SLC25A15,ZNF696,ACTR1A,ARL3,OMP,CTDSPL2,RBM14,SLC39A10,TMEM108,PDZRN3,PDE2A,GLI3,DOCK8,JPH2,TMEM200B,FOXH1,ITGA1,CELF5,HCN2,ST3GAL4,ISM2,CTHRC1,CDX2,SPON1,NPPC,HS3ST1,ATXN7,DPYSL5,DAAM2,STMN1,SMYD3,EEF1A2,HERC1,CIT,GATA3,KCNQ2,CLK3,CBX2,GPC2,GIPC1,SAMD4B,PLCL2,PPP6R2,TIAL1,CTXN2,DEPDC5,APC2,LIN7A,TEC,ENPP7,ZNF248,ST20,ZNF648,SAR1A,NPAS2,EYS,ADAMTS7,PPP3R1,HNRNPH1,OLFM3,HSPA12A,CNGA3,KLC1,DPY19L2P2,HOXB8,MED12L,TRPM3,AIFM2,PLD5,PRL,CTRB2,SUMO1,SLC25A25,GNAT2,GPSM2,WAC,MAFA,DYNLL2,LRRC4C,TRAF5,ILF3,LHX1,COL17A1,CHST1,SORBS1,CTRB1,FAM171B,CACNB2,PWWP2B,LIX1,MAGI1,SYTL2,ARL5B,CABP1,PGAP2,SLC38A3,LEFTY1,SNPH,ZNF672,ANP32B,QRICH1,PTN,TSC22D2,RALBP1,EPB41L1,TNXB,SKP2,PTPN5
13	taipale-NNTAATTANN-HOXD8-DBD	0.034601	3.06301	M1	HOXD8,ALX3,NOTO,DLX1,EMX1,EMX2,HOXB3,HOXB2,ESX1,LHX6,HOXA1,HOXB5,EVX2,EVX1,LHX2,RAX,MIXL1,PAX4,PAX7,LBX2,HOXA2,EN1,GSX1,GSX2,HESX1,ALX1,YY1,GBX2,MEOX2,VSX1,MEOX1,POU2F1,GBX1,HOXA3,HOXD1,MNX1,TCF3,VAX1,POU2F2,EN2,SHOX2,VENTX,LBX1,RHOXF2,RHOXF2B	STAC2,DLX1,NRXN2,SHMT2,IRX4,EN1,TOX,SSBP4,TGM1,ZNF143,HOXB7,SLC8A2,CCND1,NR4A3,GBX2,HOXD3,SEPHS1,BAHCC1,IHH,MLLT6,GNG8,KLHL14,TLE1,REEP1,HOXA5,SALL3,SLIT2,NTNG2,PPP1R1A,SALL4,NXPH4,NAT8L,FOXB1,NPAS1,ENC1,HOXC12,PPP1R1B,ST8SIA3,KALRN,C1QL4,HDAC4,PRDM13,CACNB1,LHX5,NKX2-2,CIRBP,PDE2A,ZFHX2,CELF4,BRD3,HOXB9,SIX2,ONECUT2,TSHZ3,HS3ST1,CADM1,C6orf223,PAX6,TMEM200B,EMX2,ZFHX4,IRF2,CDK6,EFNA2,HOXC4,HOXC6,HOMER3,ARNTL,FOXF2,DMRTA2,LMO3,EFNB3,PEG10,PAX7,PHLPP1,KLF3,RARG,INSM1,BCL11A,ZNF462,KCNK9,ALDH1A2,PAX2,TBX3,CACNA1G,IGF2BP1,EPHB2,CASZ1,RIPK4,SATB2,ZNF536,TRIB2,SLC1A2,INPPL1,DNAJC22,L3MBTL3,IRS1,AUTS2,TCF7L2,TRIM71,KCTD20,PTPRS,CHRNA4,MEX3A,SDK2,BAIAP2L2,HOXB6,PRDM12,MSX1,ARHGEF9,WNT3A,VAX1,HERC4,DGKI,BCL11B,VANGL2,GSC,DACT1,SEMA6D,NR2F6,POU4F2,BAMBI,NECAB2,PTP4A1,TNFRSF19
14	transfac_pro-M02920	0.0345819	3.05833	M3	TCF7L1,ELF3	ZIC1,POLR2A,ZNF521,GSK3B,HOXC6,INSM1,SEPHS1,HOXC10,L3MBTL3,ONECUT2,TBX3,CELF4,ZIC2,ZIC5,IGF2BP1,HOXB8,TCF7L2,HOXB3,BCL11B,NR4A3,CASZ1,LMO3,GSC,ARHGEF9,EN1,LRRC4C,ZFHX2,FOXB1,NKX2-2,MSX1,EMX2,NKX2-5,CBX4,HOXD3,LMX1B,HOXC4,TBX5,SLIT2,FBXO11,FOXF2,PHF21B,PPP1R1B,SET,AUTS2,HOXA4,MLLT3,PAX6,ZNF462,ANP32B,NLK,HOXB6,CTBP2,ESRRG,MIR196A1,PBX1,ID2,SATB2,CGNL1,IHH,ZNF536,PITX1,RALYL,TOX,FOXN3,SEMA6D,RORB,GATA3,SOX1,PTPRS,RFTN2,LHX5,HDAC4,BCL11A,IRF2,WNT11,MLLT6,DAB2,ZFHX4,LHX1,HOXC11,HOTAIR,HOXD13,DMRTA2,NR5A1,POU4F1,LEF1,AMOT,MAGI1,GBX2,HAND1,BMP4,UGGT1,YBX2,SNED1,PAX7,NTNG2,BCL7A,ID4,ROBO1,TSHZ3,NTNG1,NHS,ZNF618,ZNF711,PLEKHA5,GLI3,TRIB1,DEDD,LRRTM1,CACNA1A,SCRT2,KLF6,WDR18,FGFR3,ZNF827,RIMS2,LMNB1,RORA,JPH3,HOXC8,VAX1,TRPM3,VGF,GAP43,APOBEC2,FOXL2,HOXD11,TRIM71,CADM1,WNT5A,CDK6,CLDN2,PHF21A,TSPYL4,BRD3,NR2E1,HOXC13,ZNF143,HOXA11,FEZF1,DLX1,FZD7
15	flyfactorsurvey-AbdB_SOLEXA_FBgn0000015	0.0345188	3.04295	M1	CDX1,CDX4,CDX2,HOXC10,HOXD11,HOXA10,HOXC11,MEIS1,HOXA9,NR3C1	HOXB8,HOXA9,HOXC4,NXPH4,HOXC11,NRXN2,INPPL1,GBX2,WNT5A,CCND1,HOXC6,NTNG2,HOXC12,HELT,HOXD9,NKX2-2,PPP1R1B,HOXB9,FZD10,STAC2,TSHZ3,NPTX1,HOXD4,WNT11,ETV4,HOXC9,COL11A2,TGM1,MIR196A1,HOXD3,C1QL4,ETV5,PAX6,SKAP1,BRD3,DMRTA2,HOXA4,TBX5,MSX1,IHH,SEPHS1,BCL11A,LHX5,MPP2,BCL11B,ZNF143,EN1,BACH2,C6orf223,PRDM12,ONECUT2,ZNF652,CNR1,HOXA11,QSOX2,HOXD13,FOXN3,TBX1,KCNK9,RANBP9,SDK2,NR2F6,DENND5B,CIRBP,ZNF536,REEP4,HAND1,HOXB6,SOX1,PDX1,DNAJC22,GSC,CABP7,PHF21B,HIP1R,HOXB7,IRX4,CIC,SH3BP4,SULF2,VANGL2,CRMP1,ADAM11,NR2E1,SLIT2,DPP10,EFNA3,FAM163B,ZNF462,HOXB5,EMX2,E4F1,SPTAN1,SSBP4,RHOBTB1,CELF4,HNRNPL,PIP4K2B,KCTD1,GPR137B,NAT8L,PYGM,BARX1,DLX1,SATB2,UNC5A,HOXD11,ZIC2,ZIC5,HOTAIR,NFASC,NPAS1,TOB1,REEP1,HOXA5,TYRO3,HDAC4,BAHCC1,CD83,AFF3,CHD5,GDF7,ITM2C,PBX3,TCF7L2,ENPP7,EFNA2,SLC29A4,TAC3,TRAPPC5,ONECUT3,FIBCD1,ST8SIA3,KALRN,CTBP2,CRABP2,CNTFR,TRAF4,PPP1R1A,SALL3,KDM4B,HOXC10,DNMT3A,HOXB3,FGFR3,ARNTL,CUX2,PRDM13,CASZ1,CHST1,MYH10,KLF3,SCN2A,CHST10,FARP1,LMO3,NRIP3,WSCD2,POU4F1,PITRM1,CLDN2,ANKRD13B,PTPRS,FGF12,RCOR3,KCNJ12,NR4A3,TCF24,OPCML,ZNF444,IRS1,ID4,FOXA3,SMAD9,SHH,ACHE,CA4,SHMT2,CSNK1G2,CUEDC2,HNRNPH1,SRRM4,MAGI1,DMD,WNT3A,GGN,SDHAF1,ZNF787,SPOCK2,NPPC,PABPN1L,PRSS27,WT1,NKX2-5,SDC1,PHLPP1,MLLT6,POU4F2,KBTBD11,NLGN2,RIPPLY1,ZNF521,TRAF3,SNPH,KLC1,RIPK4,CREBL2,SLC1A2,ETV1,ASB6,NTNG1,TNXB,KCTD6,SRP9,RFX7,LIPG,ZFHX4,RHBDD1,TET1,CHRNA7,RBM17,PDE2A,TP73,DDX20,L3MBTL3,FOXB1,CDH2,RBM14,TRIB2,RASGEF1A,NEUROD2,KIF5C,KDM5B,GNAL,ERF,DACT2,DYRK1A,OXGR1,GPR4,RORA,ABR,INSM1,SNED1,LMX1B,FOXF2,LHX2,HERC1,SEMA6D,GATAD2B,ANO4,LHX1,HOXC8,KRAS,TSPAN7,CSMD1,TUB,PHF21A,SIM2,ITGB5,VAV2,COL17A1,DOC2B,EMILIN3,RBPMS2,RUNX1T1,DUSP14,ATP9A,BAMBI,ICAM5,MRAS,FAT1,ROBO1,TMTC1,TRMT2A,FGF10,GNG12,CDX2,AK1,CGNL1,LBX1,OLIG1,SCRT2,RAPGEF1,KLHL5,UBXN7,ISL1,CTNNB1,MAPK8IP2,METTL9,MARCKSL1,RAB8A,NHS,C19orf12,DAB2,TEKT2,C16orf92,NCAN,DACH1,SIX2,TGFB2,PSMB7,EHD2,PEG10,SPPL2B,NTN5,EPHB4,SLC23A2,KCNG1,MEX3A,ATL2,MYLK2,TLK2,KCNQ4,SCUBE2,SP9,SORBS1,S100G,SMYD2,PKMYT1,PAX7,ESRRG,DZIP1,FBXW4,IL17RD,LSP1,LRRC4B,RELN,VGF,KLHL29,DHFR,CHSY1,SLC30A10,NEFM,PSEN2,RNF152,XYLT1,LYPD6,HNF1B,SHROOM1,CACNA1B,MAPK1IP1L,LHX4,MMP17,RNF43,FZD8,EPHB2,DEGS2,CSRNP3,SMURF2,ABCC5,CNTN2,LEFTY1,EFNB1,ZRANB1,CAPN5,TMEM105,KLF6,NTN4,CLDN1,MYEOV,CELF5,ATP2B2,GLI3,SORBS2,LYG1,PTP4A1,PTPN3,C1QTNF7,NKX2-6,YBX2,HMGCS1,UBE2C,NR6A1,CACNB2,TMCC1,DAAM2,KCNQ2,FLRT2,PCP4L1,AMOT,TBX2,AKT2,ACTN2,HDAC2,SYBU,CYB5R2,CACNB1,BDNF,ANP32B,JPH3,CCDC83,DCAF15,GOLGA7B,ZIC1,GPSM2,HS3ST1,ISM1,HMX3,CDK6,WNT3,HCN2,RNF144A,TUBB8,LPGAT1,FADS2,TRIM24,SNX10,MAPRE2,DPEP1,HPCAL1,IMPDH1,DCUN1D4,CELSR3,ANG,CCNJ,MGAT5B,ST3GAL4,CDHR5,ADCYAP1R1,SHC4,TMEM200B,GATA4,TNFRSF25,SLC39A10,TUBB2A,ST20,SGPL1,CAMTA1,ID2,AATK,NKD1,SLC6A9,FGF9,PRTFDC1,GDNF,TWIST2,NR1I3,ACAN,NOX3,SLIT1,NSD1,GJB3,ZBTB5,ALDH1A2,BRPF3,EN2,PDXP,LRRC37A3,CACNG2,ACTR1A,TPM2,VAX1,PAX2,TLE6,KCNJ5,ST6GAL1,CACNA2D2,NTM,LTBP1,EYS,PDHX,CRTAC1,APOBEC2,FBXO11,GPR22,ROPN1B,TMEM74,NUDT9P1,AAK1,HOXC13,TM9SF3,SLC19A1,NEK6,WIF1,ARHGAP32,PLCL2,CHODL,QPCT,FOXA2,ENTPD1,NBPF1,ZNF516,HSPA12A,NETO2,CALY,MARK1,ADO,ZNF628,ELAVL3,LIPA,CADM1,EPHA4,AXIN2,TLX2,HCN4,GDF10,MPST,PAQR4,CCDC73,ALKBH2,STXBP6,ENC1,CHRDL1,BMP4,IRF2,KCNG3,UNG,SESN3,CIDEA,ABI2,EVI5L,HNF4G,SHROOM3,SLC31A1,ZP1,PWWP2B,VDR,MARK4,GNAT1,PRRX2,MTMR3,FAM53B,CACNA1I,SLC35F5,EHBP1,LRRC4C,PPP3R1,STMN2,TTYH1,POGZ,DCBLD2,MLNR,GATA5,ABLIM1,NFATC4,FOXRED2,ZSCAN21,HSD11B2,GLRX5,NKX3-1,SERPINE2
16	taipale-NNYMATTANN-GSX2-DBD	0.0345101	3.04081	M1	GSX2,GSX1,HOXB3,HOXB2,NKX6-2,HOXB5,MIXL1,ESX1,LBX2,MNX1,ALX3,HOXA2,HOXA1,GBX2,LHX9,EN2,RAX,EMX1,PRRX1,PRRX2,UNCX,SHOX,LMX1B,RAX2,NKX6-1,EN1,PDX1,SHOX2,MEOX2,NOTO,LHX2,DLX1,BSX,ISX,HESX1,EMX2,DLX6,DLX2,DLX3,EVX2,MEOX1,PAX7,GBX1,DLX4,BARHL2,EVX1,MSX1,DLX5,HOXD8,YY1,MSX2,VAX1,VAX2,LMX1A,LHX6,BARX1,HMX3,VSX1,HOXD3,NOBOX,HMX1,HMX2,POU6F2,NKX1-1,NKX1-2,TLX3,TLX1,NKX6-3,LBX1	EN1,LMO3,IRX4,STAC2,ZFHX2,DMRTA2,FOXB1,SLC8A2,SULF2,NRXN2,SHMT2,SALL3,NPAS1,NTNG2,SSBP4,COL11A2,TGM1,NOX3,VANGL2,SDK2,MIR196A1,HOXC12,PPP1R1A,HOXB8,ST8SIA3,C1QL4,SEPHS1,LIPG,NR4A3,CABP7,PPP1R1B,LHX2,DLX1,TAC3,KALRN,POU4F2,CADM1,CIRBP,LHX5,NR2F6,REEP1,PAX6,EMX2,HDAC4,ITGB5,BRD3,TBX1,EFNB3,CNR1,TSHZ3,DNAJC22,CIC,NXPH4,EFNA3,ADAM11,HELT,C1QTNF7,MPP2,DAPL1,BAMBI,KLHDC8A,KCNK3,FARP1,TNFRSF19,WT1,HOXA5,HOXC4,PRDM12,CCND1,NKX2-2,LBX1,EFNA2,ZNF536,HOXA4,GSC,NR2E1,C6orf223,SATB2,NLGN2,MSX1,NPTX1,GBX2,OTUB2,ESRRG,GNG8,WNT3A,CNTFR,CELF4,WNT11,BAHCC1,INPPL1,NHS,SP9,MYEOV,MYLK2,UNC5A,ZNF787,CASZ1,TMEM200B,SKAP1,DENND5B,IHH,SLC6A9,TBX5,SIX2,RBFOX3,VAX1,PITX1,TET1,HOXD3,ZNF652,SOX1,HOXB9,CACNB1,RARG,EPHA4,KCNG1,KLF3,PTPRS,SCRT2,GDF7,HMGA2,RHOBTB1,HOMER3,AMOT,SRP9,DOC2B,ZNF516,TRIM71,ZFHX4,SNED1,ZNF462,NECAB2,ONECUT2,SYCE2,SPTBN1,ENC1,KBTBD11,SLIT1,MLLT3,IRS1,HAND1,BAIAP2L2,MAPRE2,KDM5B,MYO19,HOXC6,PRSS27,BCL11A,KCNJ12,ANKRD13B,CACNA1B,COL2A1,FZD8,SLIT2,PAX7,KCNJ5,GAS2L3,HECTD2,DACH1,NFASC,HOXD9,SFRP1,KCNK9,EPHB2,ACACA,TCF7L2,HOXD4,NAT8L,ZNF143,HOXA9,ONECUT3,NTNG1,DACT1,ALDH1A2,MLLT6,ZBTB34,CCDC73,KCTD6,MAGEF1,PDX1,WSCD2,TTYH1,PANX3,RET,HOXB7,FIBCD1,SCN8A,TRIB2,HOXD13,RORA,CHRNA4,TMEM105,PPM1E,PTP4A1,HMX3,SRCIN1,DIP2C,MEX3A,WFIKKN2,CRABP2,ZNF503,CNTN5,RNF182,RHBDD1,ATP6V1B1,CGNL1,ALKBH5,BCL11B,HERC1,PDE2A,KCTD1,HOXC10,RORB,RBPMS2,PYGM,DYRK1A,JPH3,KIF16B,RUNX1T1,CHD5,OPA3,SP7,NPAS2,LIN28B,FLRT2,MARCKSL1,NKX2-5,TCF24,VLDLR,TUB,FBXO11,MAP2K7,INSM1,GLI3,ID4,NTM,SLC29A4,REEP4,KLHL14,TBX3,ACAN,HOXC9,SHH,CHL1,LHX1,RHBDL3,SDC1,ADCYAP1R1,B4GALT5,CDK6,DYNLL2,ARHGEF9,ADAMTS13,RASGEF1A,ADO,SPOCK2,CSMD1,SLC38A3,SP8,LPGAT1,HPCA,GSG1L,B3GALT1,FGF8,L3MBTL3,CYP51A1,SALL4,DACT2,WNT3,RIMS3,PTN,ITM2C,LHX4,BCL7A,DAB2,BDNF,EVI5L
17	iDMMPMM-EVE	0.0344876	3.03532	M1	EVX2,EVX1,VENTX,CDX2,PDX1,GSX2,HOXB3,RAX,HOXB2,GSX1,LHX2,NKX6-2,PAX7,HOXD4,TLX3,TLX1,NKX1-1,NKX1-2,NKX6-3,LBX1,ISL2	SHMT2,NRXN2,ZFHX2,SLC8A2,CADM1,ZNF536,PPP1R1A,NFASC,SSBP4,IRX4,HOXC12,DLX1,NPAS1,GNG8,STAC2,DMRTA2,SALL3,MIR196A1,LMO3,HOXC4,HOXC6,SRP9,CIC,GSC,NKX2-2,VANGL2,NTNG2,BCL11A,PAX6,SRCIN1,HOXA4,KALRN,TBX1,TSHZ3,NOX3,FZD8,FOXB1,SULF2,TOX,HOXB8,NR2F6,SOX1,TGM1,INPPL1,IL17RD,EN1,NXPH4,PPP1R1B,NR2E1,SDK2,HDAC4,CIRBP,PRDM12,POU4F2,CRABP2,NLGN2,HOXA9,WNT3A,CABP7,ST8SIA3,CACNB1,MSX1,TLE1,ESRRG,TAC3,COL11A2,ZNF652,WT1,ADO,CNR1,IHH,EMX2,EPC1,ALDH1A2,KCNJ12,ZNF462,BACH2,KIF16B,TMEM105,B3GALT1,WNT11,C6orf223,CELF4,EFNA2,HMX3,NPTX1,HELT,NAT8L,C1QL4,TBX5,RHOBTB1,GBX2,ZNF516,CCND1,SNAI3,ITM2C,OLIG1,C1QTNF7,GIP,IRS1,KCNG1,LIPG,MPP2,LHX2,MGAT5B,ONECUT2,KLHDC8A,PITX1,ADAM11,MAPRE2,LHX5,DOC2B,SFRP1,REEP4,CBX4,CSMD1,LGR5,MAGEF1,BRD3,KCTD1,ONECUT3,CNTFR,CASZ1,TPM2,SLC10A4,PTPRS,MLLT6,DENND5B,UNC5A,NT5DC2,DAPL1,COL2A1,PHLPP1,ZNF503,NTNG1,NR4A3
18	homer-M00662	0.0344778	3.03291	M1	HOXB8,HOXC8,HOXD8,DBX1	CCND1,ADAM11,GSC,HOXB7,STAC2,BAHCC1,HOXA9,VGF,NKX2-2,GYG2,HOXD3,ZNF143,BCL11B,PPP1R1B,IRX4,PAX7,NRXN2,LHX5,SALL3,NTNG2,HDAC4,NXPH4,TSHZ3,SHMT2,GBX2,RIPK4,BMP7,HOXC4,HOXC6,C1QL4,NPAS1,PAX2,ENC1,TRIM71,KCNK9,TBX1,MLLT6,AUTS2,EMX2,IHH,SATB2,DNAJC22,ZFHX2,BAIAP2L2,SEPHS1,WNT3A,TGM1,HOXA5,HELT,FOXB1,TRIB2,NKX2-5,DLX1,REEP1,VAX1,SSBP4,POU4F1,NR2E1,TMEM105,SOX1,SULF2,WNT5A,LBX1,PBX1,ONECUT2,NR4A3,TEKT2,KLHDC8A,ZNF536,NKD1,HOXC8,NAT8L,KIF26A,SLC8A2,NEUROD2,VANGL2,EFNA2,NACC1,FOXF2,PAX6,GNG8,CGREF1,PKMYT1,TLE1,PRDM12,CABP7,CDK6,SPTLC2,TBX3,ST8SIA3,NDUFA11,ANO4,HOXA4,FEN1,SDHAF1,CELF4,SLC1A2,INPPL1,EFNA3,KLHL25,SIX2,LMO3,SP5,KALRN,CIRBP,L3MBTL3,CHRDL1,EPHB4,SHH,EPHA4,DYRK1A,TRAF3,FLRT2,DPF1,GDNF,RPTOR,HOMER3,OMP,RIMS2,BDNF,STXBP5,CNR1,MYLK2,RORA,PTPRS,HPCA,IGF2BP1,ZNF444,TBX5,ABR,FGF10,ZNF652,ANKRD13B,BCL11A,DPEP1,FBXO11,SCN8A,ID2,SLC23A2,CASZ1,WNT11,LMX1B,TBX2,LYPD6,USP43,PHF21B,TOB1,SLC17A7,EN1,CRMP1,PSMB5,KRAS,SPAG5,PHF21A,LHX4,RAI1,TBX4,DENND5B,MARK1,SIM2,SDK2,MEX3A,SLC6A9,CALN1,ZNF618,DLG4,SALL4,IRF2,ZIC2,GIPC1,ZIC5,PSMB11,SP9,KRT23,CACNA1C,SEMA6D,DMRTA2,KCNJ12,MARK4,JPH3,CNTFR,HOXB9,CDKN2D,LRRC4C,HOXC12,SORBS2,CYB5R2,APOBEC2,DDX20,RUNX1T1,MAPRE2,HAND1,EPHB2,GAS2L3,GRIN2C,TLE6,HOXC9,NFIC,CACNG2,PAK4,KCNJ5,SLC44A2,SLIT2,ZIC1,MIR196A1,CGNL1,FOXN3,C19orf12,PPA1,LRRC36,SYT3,GDPD5,NRN1,IFFO2,GNAL,GNB3,TCF7L2,PRDM13,ANKS6,CSNK1G2,KCTD1,AFF3,TGFB2,CACNA1A,KIAA1549,SRMS,CTBP2,CIC,TLK2,LMNB1,SRP9,HNF1B,GPRC5C,ALDH1A2,PLD1,CAMK1,SCRT2,HUNK,NPTX1,MMS19,POGZ,AP1M2,ZMYND19,USP6NL,FIBCD1,ONECUT3,REV1,KCTD20,WFIKKN2,CELF5,SYTL2,ZBTB34,AMMECR1L,ZMYM2,EVI5L,PRSS27,RNF41,ETV1,CBX4,ZNF648,UNC5A,KCNMB4,HAO2,NFASC,HIC2,ZNF462,MSX1,CSRNP3,DOC2B,DEDD,IRS1,NR6A1,SRRM4,VCAN,ERF,BCL7A,PCK2,TPM2,ITM2C,TMCC1,JARID2,MLLT3,KIF17,MED27,CHL1,KLHL14,PTX4,C6orf223,MORC4,HOXB3,GPR4,FAM53B,HOXB6,PALM3,HOXD4,SPON1,HOXB5,SHC4,SLC22A3,ESRRG,B3GAT1,KCTD6,ZNF687,MMP17,GPC2,DNMT3A,ETV4,KCNG1,AMOT,ZNF507,B3GALT1,ZNF516,CROCCP3,PARVB,MARCKSL1,CROCC,DLX4,INSM1,RARG,TNXB,KCNN1,COL18A1,TPBG,MSI2,ADAM19,WDR20,CLNK,KCNB1,JAKMIP1,GPR85,LHX2,ACAN,LIX1,FAT1,SH3BP4,TRAF4,TYRO3,TTYH1,HOXD9,DIP2C,TET1,RAD21,FAM169A,POLRMT,PRKCZ,CD5,ACTR1A,LRRC38,TDG,IGFBPL1,MAP3K13,HMG20B,FGFR3,CUX2,BMP4,B4GALT5,USP49,NR4A1
19	transfac_pro-M03560	0.0344328	3.02195	M1	PRRX1	NKX2-2,STAC2,NXPH4,COL11A2,C1QL4,HOXB5,ADAM11,EN1,IRX4,GSC,NTNG2,UNC5A,DMRTA2,SSBP4,BRD3,NPAS1,SDK2,CIRBP,INPPL1,WNT11,PTP4A1,MSX1,SLC8A2,DLX1,BCL11A,HOXA9,NRXN2,CCND1,GBX2,ST8SIA3,ZNF536,TGM1,WNT3A,CNTFR,ERF,SIX2,TMEM200B,WNT5A,SULF2,CELF4,ZNF143,JPH3,SHH,NAT8L,HNF1B,TBX2,TMEM59L,CACNB1,ZNF652,PPP1R1B,HOMER3,NR4A3,HOXC4,C6orf223,BAHCC1,HOXC6,EMX2,DNAJC22,REEP1,WT1,TRIM71,PAX6,HOXA5,PHLPP1,SCRT2,TLK2,TBX5,ATP1B2,TYRO3,CABP7,KCNQ4,ISL1,SIM2,HDAC4,SEPHS1,EFNA2,ONECUT3,BAIAP2L2,SALL3,LHX5,ZNF787,SHMT2,IGF2BP1,LIPG,CASZ1,TSHZ3,PHF21A,SLC1A2,FZD8,SLIT2,KCNK9,KCTD1,PRDM12,HAND1,ATP6V1B1,PTPRS,DYRK1A,TMEM105,NCKAP5L,SP9,LBX1,SATB2,ABR,HOXA4,HOXD13,PAX2,GDF7,CHAF1A,LRRC8D,HOXD3,LHX2,ONECUT2,VANGL2,MLLT6,KCNK3,IHH,DHX30,ADCYAP1R1,TBX1,REEP4,MORC1,NR2F6,GPRC5C,CDX2,TAC3,KALRN,HOXB9,FGFR3,TLX2,CDK6,HOXC12,NR2E1,ACHE,POU4F2,CHRNA4,DENND5B,TBX4,SLC25A23,DLX2,CADM1,CACNA1C,SPTBN1,ACTN2,NLGN2,SP8,VAV2,PALM3,ZNF687,NTNG1,LRRC4B,RASGEF1A,POLD2,LHX4,CORO6,DAB2,WFIKKN2,NSD1,PDE2A,MLLT3,OLFM1,CUX2,RIPK4,TRAF4,HOXC8,ESRRG,ANKS6,ZNF521,BCL11B,SALL4,KLF3,FEN1,HSPA12A,ZFHX4,PPP2R5B,KDM4B,ZNF444,ZIC5,HIP1R,NFIX,SCN8A,PABPN1L,HNRNPH1,RASL10B,EN2,MAPRE2,INSM1,CSMD1,UNC5C,SRCIN1,KCNJ12,ZBTB34,FGF8,SDHAF1,HOXD9,GNG8,SLIT1,ANO4,TRAPPC6B,SYT17,ZIC2,FSD1,RAB11FIP5,FARP1,MAGI1,VDR,ANKRD13B,CNTN2,FOXB1,DCAF5,IRS1,CRABP2,FZR1,SDC1,GPR4,FAM163B,CHD5,ZNF653,NFASC,ADAM19,SLC29A4,UNC119B,BCL7A,KIF26A,PPP1R1A,CBX4,DDX20,HSPA14,TOB1,PITX1,PKMYT1,ZFHX2,EBF4,CA4,DNMT3A,CIC,NTM,SMAD9,PTF1A,BACH2,HOXB6,KLHL5,TRIB2,KIF17,CSNK1G2,TLE1,AATK,MEX3A,AUTS2,ASTN1,MAP2K7,HOXC13,FSCN1,SEMA6D,RARG,FIBCD1,FGF12,NPAS2,PYGM,ITGB5,RBM14,ID2,USP49,PPM1E,TNFRSF25,TMTC1,KLF14,LMNB1,HYAL1,DYNLL2,WNT1,KCNJ5,PLD1,PERP,MIR196A1,PTCH2,CBX8,TBX3,ROBO1,ENC1,SP7,HPCA,SLC26A3,VLDLR,CALN1,DPF1,DNMT1,KIF7,SPOCK2,NHS,HMG20B,MEST,POMC,SERPINA12,SLC6A9,PPARA,ITM2C,KBTBD11,CTBP2,RET,RUNX1T1,CHST1,KLHDC8A,TCF24,GLI3,EXT1,PI4K2A,CYTH2,LEFTY1,FLRT2,NKX3-1,TRAF3,BAMBI,MPP2,BDNF,JPH2,PWWP2B,SLC44A2,TWIST2,KIAA1549,HMGN3,CIDEA,ATL2,HSD11B2,USP6NL,HTR4,ICAM5,PHF21B,MMP17,ZNF672,GAS2L3,CRTAC1,EVI5L,CLDN2,TROAP,TET1,PTPN3,TRIM24,ARHGEF25,LSP1,SP5,AATF,MED12L,KLHL29,CREM,BMP4,KLHL14,AIFM3,CHST10,HMX1,ACLY,WIZ,SBK1,RTN4R,USP43,WNT3,RORB,EHBP1,HOXD11,SCARA3,DSTYK,PRDM13,FBXO11,DACT2,WDR18,TPBG,L3MBTL3,RSPO2,RNF122,RGS7,EMX1,LMX1B,ZMYM2,FAM161A,DUSP14,PAK4,SGPL1,PNN,DPYSL2,PTX4,SNAI3,SLC22A3,MYH10,CACNA2D2,ZNF516,RCOR3,HOXB7,HEXIM2,RIMS2,JAKMIP1,ROPN1B,WNT10B,CCNJ,KCTD6,PPP3R1,POU6F2,SLC38A3,SFRP1,PTGFRN,FBN2,DCAF4,DACT1,KCNK13,CDH2,EMILIN3,HOXC11,B3GALT1,CAMK2G,MED27,FOXF2,GRIN2D,EIF4EBP2,PRKD3,HELT,PRRX2,PBX3,FDPS,RHBDL3,TIMM17A,MARK4,CAPN5,HNRNPU,NT5DC2,NHLH1,EPHB2,NEUROD2,KIF16B,SLC4A3,FAM171A1,UBE2T,SORCS1,RAI1,FOXH1,HOXB8,HOXC10,DPEP1,RTL1,ST6GALNAC5,CACNA1S,TESK1,SPARC,SOX1,WNT4,SPTAN1,RNF182
20	flyfactorsurvey-CG12361_Cell_FBgn0250756	0.0343884	3.01111	M1	HOXC10,HOXD11,CDX1,HOXC11,HOXA10,HOXA9,HOXD12,CDX4,HOXB7,HOXA7	EN1,INPPL1,GBX2,HOXD9,NTNG2,IRX4,HOXC9,CCND1,NXPH4,NKX2-2,STAC2,WNT5A,HOXC12,NRXN2,PRDM13,ETV5,TBX5,MSX1,VANGL2,DMRTA2,NPTX1,HOXC4,SKAP1,ENPP7,HOXC11,ETV4,HELT,HOXC6,PTPRS,CNR1,FOXN3,REEP4,PAX6,TGM1,KDM4B,SOX1,KCNK9,CRMP1,SHMT2,SP8,SEPHS1,ZFHX4,HOTAIR,IHH,ONECUT3,NR2F6,SULF2,AFF3,TBX1,BAHCC1,HOXA9,BARX1,ZNF462,ZNF143,MIR196A1,PIP4K2B,ASB6,PEG10,RIPK4,PHF21B,HOXD3,EMX2,DDX20,WT1,QSOX2,C6orf223,DENND5B,MRAS,RASGEF1A,LHX2,HOXB6,TLX2,BACH2,UBXN7,MPP2,HOXD13,DYRK1A,PTP4A1,FARP1,PHLPP1,BRD3,TYRO3,MTMR3,TET1,BCL11B,HOXB5,NR2E1,ZNF536,CELF4,C1QL4,HOXC10,WNT11,RBPMS2,POU4F1,HIP1R,OPCML,HAND1,CABP7,KCTD1,NAT8L,UNC5A,RBM14,TSHZ3,FOXB1,ONECUT2,REEP1,ESRRG,NPAS1,ADAM11,INSM1,PRDM12,LMO3,EFNA3,RHOBTB1,ARNTL,EMILIN3,SPOCK1,SDK2,SSBP4,LHX5,TCF24,ZNF652,DNAJC22,KALRN,NETO2,PPP1R1A,SLIT2,PPP1R1B,KCNG1,NR4A3,SLC1A2,HNRNPL,BCL11A,HOXA4,PAX2,PHF21A,EFNA2,RANBP9,CTBP2,DMD,ROBO1,CDH2,L3MBTL3,PDX1,SATB2,GDF7,ST8SIA3,C19orf12,NFASC,CNTFR,RCOR3,NAA35,LEFTY1,HOXB3,SRRM4,BMP7,MYEOV,TCF7L2,CRABP2,ETV1,PBX3,SEMA6D,KCNJ12,CLDN2,SDC1,SDHAF1,HSD11B2,CAMTA1,TOB1,TWIST2,SPOCK2,POU4F2,HNRNPH1,SALL3,MYH10,GNG12,TAC3,MAGI1,SIX2,MAPRE2,ATL2,MARCKSL1,ITM2C,CCDC73,NLGN2,PYGM,CASZ1,SIM2,OXR1,KCTD6,CHST1,NHS,CUX2,TRAF4,KLHDC8A,DNMT3A,ZIC2,NTNG1,ZIC5,AMOT,PKMYT1,MEX3A,LHX4,HIC2,HOXB7,RORA,DMKN,TRIM28,TEKT2,FIBCD1,FBXW4,IRF2,ATP9A,FGF12
# Rank	Track id	AUC	NES	ClusterCode	Transcription factor	Target genes
1	wgEncodeSydhTfbsNt2d1Suz12UcdPk.narrowPeak.gz	0.0385144	5.94427	T1	SUZ12	PAX2,SOX1,ARNTL,GSC,PRDM12,TBX5,FOXA2,PGR,NKX2-6,NKX2-5,PDX1,HOXA9,ONECUT3,DMRTA2,LBX1,NTSR1,INSM2,IRX4,LHX4,HOXC4,HOXC6,HOXC9,ZIC1,HOXA11-AS,CDX2,HOXA11,AATF,NKX2-2,LHX1,HOXC12,NFIX,PAX6,POU4F1,EN2,SIX2,SHH,PAX7,LONRF3,HAND1,LHX5,FOXF2,FEZF1,EN1,NEUROD2,GRIN2C,EVX1,HOXD3,NPTX1,WNT3A,WT1,LMX1B,TP73,VAX1,EMX1,INSM1,FOXE1,TBX2,CASZ1,OTX1,NR2E1,HOXB8,HOXB9,HOXB7,PITX1,SIM2,HOXC8,GATA4,TLX1,CBX8,BUB3,TBX4,CBX4,C1QL2,SPOCK2,EMX2,GCGR,HOXD9,ANKRD34B,WNT1,HOTAIR,FOXL2,HOXC10,HOXB6,AQP5,HOXB5,HNF1B,HOXC11,HOXA5,TBX1,WNT10B,CELF4,TRH,HMX3,LHX2,IHH,NRN1,DLX2,HELT,NTNG2,FOXB1,KISS1R,SATB2,LPL,PRDM13,ONECUT2,POU4F2,LHX3,TMEM105,HOXA4,ESRRG,NR4A3,ULBP1,CACNB4,NTRK2,MESTIT1,TBX3,SLC9A3,STAC2,MEST,SPON1,DLX1,TMEM132E,DNAJC22,MSX1,BARX1,LONRF2,RARG,TMEM59L,ISLR2,VGF,SP9,RGS9BP,ZNF503,C1QL4,CABP7,COL2A1,HOXB3,MAFA,CRMP1,NFIC,CACNA1G,NXPH4,HLF,LGR5,EFNA3,CSMD1,AFF3,HMX1,BAHCC1,FGF9,DLX4,GABBR2,RFPL2,TSHZ3,DLX3,EDN3,ROBO1,OLIG1,SLIT2,HOXD11,CA4,CYP27B1,HS3ST1,RSPO2,SHISA7,ASTN1,SFRP1,ILF2,CNGA3,RORB,TCF24,PTF1A,HOXD13,ALDH1A2
2	wgEncodeSydhTfbsH1hescSuz12UcdPk.narrowPeak.gz	0.0340263	4.68365	T1	SUZ12	HOXA4,TMEM221,ZNF280A,ULBP1,FOXD4,MIR196A1,LSP1,MIR4298,PGM5,HOXC9,GATA4,DPY19L2P4,NFIX,HOXC4,HOXC6,NFIC,SHISA7,ZNF331,HOXB3,DDTL,FOXA2,ONECUT3,HOXA9,PAX7,NKX2-5,HOXC13,TBX2,NR2E1,HOXB8,HBQ1,PPP6R2,KIF5C,CTRC,CD5,HOXD3,HOXC8,CNOT3,BAHCC1,TBXA2R,CSNK1G2,HOXA5,TBX1,DMRTA2,HOTAIR,TBX4,WDR74,HAND1,EN2,TMEM59L,HOXB9,HOXC11,SALL3,ATP9B,LBX1,TBX5,DLX2,EN1,CDX2,TRH,HOXD13,PRDM12,WT1,HOXB5,ZIC1,TLX1,MS4A15,PRDM13,AATF,SCARB1,FZD10,EVX1,EMX1,LHX1,HOXA11-AS,LONRF3,IRX4,PAX6,PDX1,HOXC10,CALN1,GATA5,HOXB6,C2CD2,LMX1B,NKX2-6,HOXA11,HOXD9,FOXF2,KISS1,HOXB7,TMTC1,LHX2,JPH3,UGCG,HMX1,EVI5L,FOXE1,CACNB1,POU4F1,ULBP3,HOXD4,ESRRG,PITX1,ZFHX4,SIX2,SHH,VAX1,MAST1,AJAP1,HTR4,PRKCZ,NRN1,NEUROD2,LHX3,GSC2,TBX3,PGR,HNF1B,SV2C,NOD2,KCNJ5,NKX2-2,DLX1,ONECUT2,CACNA1I,HOXD11,AATK,WSCD1,UNC5A,NAT8L,GREB1,VAX2,EMX2,CNTFR,MED27,LHX5,DLX4,NR5A1,WNT3A,CDHR1,NR2C2AP,SPON1,SLC45A2,BMP4,CBX8,PAX2,WNT10B,MMEL1,SP9,CST5,FSD1,UBE2QL1,CACNA2D2,IHH,WNT1,GSC,EBF4,CBX4,RAI1,HOXD12,HELT,HOXC12,MYEOV,CDT1,TSHZ3,FOXL2,MSX1,WNT11,BARX1,SOX1,DPEP1,TTYH1,ISLR2,SIM2,NPTX1,CACNG1,NCAN,CELF4,NRXN2,FEZF1,ADRA2C,OTOP2,POU4F2,SERPINA12,TMEM132E,DNAJC22,ISL1,ZACN,FGF17,TLX2,GRIN2C,OTX1,KISS1R,RSPO2,BMP6,PDE9A,SATB2,DUOXA1,LGR5,HR,MPP2,NR4A3,C3orf70,TCF24,GBX2,RGS9BP,ASGR1,C1QL4,ISYNA1,AK1,GATA3,GDNF,NTRK2,YAF2,MLLT6,KCNK9,C1QL2,LHX4,HPCAL1,VGLL2,CHRNA4,SPOCK2,COL2A1,DLX3
3	wgEncodeSydhTfbsHek293Tcf7l2UcdPk.narrowPeak.gz	0.0310515	3.84811	T2	TCF7L2	AUTS2,PSD3,AXIN2,MSX1,ZNF503,ZNF827,SP5,CCDC38,AMDHD1,TACC1,NKD1,TSHZ3,AP3M1,WNT11,ASPSCR1,CDK6,HOXA9,TCF7,BAHCC1,ISM2,SLC25A28,SP9,NR4A1,SSR2,PYGO1,LRRTM1,ZCCHC12,BCL11B,YAF2,EEF1D,HOXD3,HOXB3,SLC2A4,EFNA3,TCF7L2,GRID1,CRMP1,SP8,CUEDC2,REV1,AKT2,CASZ1,BAMBI,FAM89A,CRABP2,DACH1,TAC4,SCRT2,RPE,LHX4,ID2,STXBP1,LHX3,HOXA4,TCF3,ENC1,CCND1,INSM1,TLE6,LGR5,HOXC4,CDH2,FLRT2,BCL11A,ZWINT,PRTG,LEF1,HNRNPUL1,KCNG1,MYO9B,ZIC2,FZD10,EVX1,SP7,ZIC5,IL17RD,ATP9A,HAUS8,HMGA2,MLLT6,USP6NL,RFPL2,EMX2,KIF5C,SCT,DRD4,KLF6,RAMP1,SRCIN1,HAND1,APCDD1,AMOTL1,HSD17B12,HOXB8,TNFRSF19,SLC2A1,MAML1,AP1S1,BIK,NTNG2,SMAGP,HSDL1,PBX3,TULP3,UNC5A,ATL2,GPRC5C,PAX6,ZNF142,TMEM200C,NKX2-2,PLEKHA5,NFATC4,EVI5L,PLA2G2A,KIF5B,CDX2,LHX5,SNAPC4,SLC38A8,CSRNP3,SRSF1,PHLDB3,COL18A1,XKRX,SDK2,NDC80,SMURF2,GGH,EXT1,NRN1,HOXD12,FSCN1,CLSTN3,NKPD1,MARCKSL1,CPOX,DMD,HOXA11,MPV17L2,MPP2,PLEKHA7,ZNF521,TRAF4,TMEM177,HOXB6,GCAT,NPTX1,ZNF37A,HOXC6,DDB1,ATP13A1,GNAL,ALCAM,ATR,FOXB1,PHLDA1,SUV39H2,KDM4B,NPHS1,E4F1,SIX2,FDFT1,GAP43,SLC16A11,PDK4,HDAC4,TBX3,SLC25A36,TRPM3,TMEM59L,ST6GAL1,SLIT2,RANBP9,ATAD2B,ALDH1A2,SATB2,TLL2,ZRANB1,LIN7A,NR6A1,ANG,PHLPP1,C10orf88,HOXA11-AS,LRP6,TLE1,SORBS1,TMEM161A,NANOS1,GATA4,PAX7,DLX2,ALDH3A2,RIPK4,TMEM98,FGF8,RASIP1,TPBG,HOXB5,NTM,RNF7,TLX1,FGF12,RAVER1,UBE2T,GALNT10,NAP1L1,TUBB2B,FOXN3,PDX1,SMARCA4,ENPP7,PDE5A,EHMT1,IRF2,TET1,DLC1,HOXC8,RPRM,ABLIM1,RNASEH1,FZR1,PTEN,PRL,GSTA4,RCOR3,ROBO1,DPYSL5,PKNOX1,GPR149,NAGS,LIX1,PNLIPRP2,CASP3,TBX4,GAL3ST2,IL17REL,SYMPK,MIR196A1,AKT1S1,PRDX2,RNASEH2A,MORC4,MTMR3,CCDC9,HOXD11,FBXO31,TMEM120B,TIMM22,CCDC77,SCRN1,ZNF157,WNT5A,BMP7,SEPHS1,SULF2,TAL2,PSEN2,RPP30,PSMB7,DCAF6,CLASP1,HOXC10,MCM4,FZD8,MCC,MTA1,LIN9,SEZ6L,VCAN,NHS,TM9SF3,TP53,PTGFRN,WDR37,CLDN1,CNNM2,SNAPC3,ETV1,RHOBTB1,FLVCR2,ZNF280D,GPR137B,GREB1,MARK1,PGAP2,MRPS11,HSD17B11,ACTR1A,OTX1,NAA50,REV3L,MAML3,ZC3HAV1L,FAM155A,TRIB1,GLI3,SOAT1,RMI1,CACNB4,LONRF3,ORC2,FHOD1,GPR4,VGLL2,IDI1,HDAC2,WFIKKN2,ADAMTS13,SUFU,GLB1L3,CD320,TRAPPC4,RIMS2,WDR18,PYGM,ETV6,LHX2,PHTF2,SKA2,LMBR1,KCTD1,FARP1,KLHL14,CSTF1,SMC3,ASB13,ISL1,TRA2B,TIAL1,LCOR,PLCL2,POLG,PIP4K2B,GNG12,PLD1,GPATCH2,IGDCC3,NBPF3,AURKA,PBLD,ZNF711,HEXIM1,PHF21B,VAX1,TRAPPC5,UBE2Q2,NR1D2,NDUFV2,NEK10,ZNF75D,CREM,KLHDC8A,GATA3,AKR1E2,SLC31A1,RHOU,CCNJ,BTN2A2,RPL15,LRRC49,SLC30A1,RALGPS2,POLR2A,RFX6,DCXR,CCDC54,EXO1,SOBP,WDR83,BACH2,DDX20,ITGB5,SPC24,BRWD1,CPSF2,TRMT2A,ZNF837,FBXL12,ZNF248,FGFBP3
4	wgEncodeSydhTfbsH1hescCtbp2UcdPk.narrowPeak.gz	0.0295617	3.42965	T3	CTBP2	MSX1,HOXD13,ZIC1,TAF4B,ZNF521,HOXB9,SNCB,PAX7,VAX1,TBX3,SOX1,FAT1,HOXC11,LHX5,DMRTA2,HOXC9,PAX2,HOTAIR,HOXC8,ONECUT2,LMNB2,IRS1,NRN1,HOXA11,CNOT3,TBX5,POU4F1,OTX1,LEF1,LIN7A,HOXC12,LHX3,RARG,LHX2,USP44,SMO,NKX2-6,AUTS2,RFX5,TMPRSS2,FIBCD1,EN1,PITX1,HLCS,CDT1,EN2,SIM2,AKIRIN2,MATN3,SNRPN,GATA4,LBX1,BAHCC1,DLX2,MEX3A,HOXB3,DLX4,REV1,GLI3,HOXA4,HOXC6,ETV6,PHF21A,FEZF1,LCOR,VAX2,EMX2,SIX2,DPYSL4,NR4A3,MAGI1,IRX4,PAX6,WDR74,HOXC4,RNF152,HOXC10,TTC9B,NKX2-2,DHRS13,ZFHX4,RHBDL3,MAML3,HAND1,CASZ1,GLB1L3,KCNB1,KCNJ5,DLX1,PDHB,CELF4,URM1,TOB1,NKX2-5,HOXD11,ZIC2,RIPK4,FOXB1,FGFR3,GPRC5C,RSPO2,PHF21B,DNMT3A,BCL11B,SP9,SMAD2,ZIC5,YAF2,HOXD12,WNT11,FZD8,HOXD3,SP8,CDX2,CDK6,RSAD1,VPS37D,EPC1,TTLL12,GATA5,BCL11A,FARP1,AEN,HMX1,ISL1,LONRF2,PRDM12,RNF43,ITGA2,GBE1,CCNB1IP1,IRF2,ASTN1,FOXF2,STMN2,PSD3,AFF3,POU4F2,YBX2,VANGL2,VLDLR,SCD,PARP2,AATF,NFIC,C1QL4,TBX4,SNPH,HELT,AXIN2,PURG,FLRT2,KCTD19,SUFU,LMO3,RFX7,RELN,DPP10,GNAL,FOXA2,ALCAM,FGF8,TTC21B,CHAF1A,CCND1,DNA2,GAP43,LRRC36,KDM5B,CRABP2,GATA3,SYTL2,SLC7A1,PRKCQ,DLC1,ASXL1,DNAJC22,MYEF2,BMP4,TRIB1,PSME4,ONECUT3,HMGA2,EMX1,LHX1,RAI1,MLLT6,LIFR,GPR4,ANTXRL,EYS,CTBP2,HMX3,LMX1B,HOXD9,RALYL,GNL3,KLHL14,SRRM4,ISM1,RASIP1,GNG12,IGDCC3,HOXB8,SHH,TLX1,SCRT2,HOXA5,FGF12,NPNT,GBX2,GRID1,MRAS,DUSP28,FOXN3,SLC8A2,LHX4,NAP1L5,PDE5A,PTGFRN,ATRNL1,ARHGEF25,ANKRD18A,GDF7,SLC25A23,ZNF503,LZTS2,KLF3
