; Name	SignificantDEgenesUp_Heaton_signaturemedian.txt
; Species and nomenclature	Homo sapiens, HGNC symbols
; Motif collection	10K (9713 PWMs)
; Track collection	1120 ChIP-seq tracks (ENCODE raw signals)
; Minimum NEScore	3.0
; Rank threshold for visualization	5000
; ROC threshold for AUC calculation (%)	0.03
; Minimum identity between orthologous genes	0.0
; Maximum false discovery rate (FDR) on motif similarity	0.001
; Motif rankings database	20kb centered around TSS (7 species)
; Track rankings database	20kb centered around TSS (ChIP-seq-derived)
; Number of valid nodes	369
; iRegulon version	iRegulon v1.3 (build: 2015-02-12)
# Rank	Motif id	AUC	NES	ClusterCode	Transcription factor	Target genes
1	homer-M01545	0.0794185	4.52045	M1	EGR1	JARID2,NR4A3,HDAC4,KRAS,ZIC1,SEPHS1,SEMA6D,PTP4A1,CTBP2,AUTS2,ZBTB2,RORB,NLK,CSRP2,WDR18,PLXNA2,SHROOM4,BRPF3,CELF4,GLI3,NRXN2,SORBS2,NPAS2,ID2,LGR5,TET2,MAML3,TBX3,TPBG,AXIN2
2	jaspar-PB0084.1	0.0780527	4.3847	M2	TCF7L2,TCF4,LEF1,TCF7,TCF7L1,SOX4,TCF3,NANOG,SOX11	SP5,NKD1,TNFRSF19,CACNB2,GOLGA7B,ABR,SHROOM1,CELF4,LIFR,BMP4,AXIN2,ETV1,AFF3,NFATC4,AUTS2,HDAC4,TCF7,MIA2,SEMA4G,ZIC1,SORBS2,RAI1,RBPMS2,DACH1,PLXNA2,TRPM3,CHL1,ZCCHC12,REV1,AMOTL1,ISM1,SMAGP,ATP10D
3	homer-M00833	0.0761759	4.19815	M1		PTP4A1,JARID2,RORB,LEF1,TSC22D2,NR4A3,ZNF503,ZIC1,NHS,AUTS2,CTBP2,BRPF3,PRKD3,SHROOM4,ZBTB2,SIM2,CELF4,ZNF711,SEMA6D,EFNB1,KRAS,UST,CBX4,PLXNA2,TCF7L2,SEPHS1,HDAC4,CACNA1C,TBX3,FGF12,PRPSAP1,SIX1,CGNL1,CSRP2,HMGA2,AXIN2,MAML3,FARP1,ID2,CTNNB1,BMP4,CDKL5,PITX1,DOC2B,TPBG,RUNX1T1,LGR5,NKX3-2,ISM1,UGCG,ASTN1,PHLDA1,SLC2A1,SESN3,IRF2,LSM14A
4	transfac_pro-M02774	0.0727374	3.85639	M2	LEF1,TCF4,TCF7L2,TCF7L1,TCF7,SOX4,TCF3,SOX11	SP5,NKD1,TNFRSF19,CACNB2,GOLGA7B,LIFR,SHROOM1,CELF4,ABR,SEMA4G,AXIN2,TCF7,HDAC4,AFF3,CHL1,RAI1,PLXNA2,AUTS2,BMP4,TRPM3,ETV1,ZCCHC12,NFATC4,ATP10D,ISM1,DAB2
5	transfac_pro-M01705	0.0723458	3.81746	M2	TCF7L2,PITX3,TCF4,TCF7,LEF1,TCF7L1,ZNF354C,TCF3	SP5,AXIN2,NKD1,CACNB2,SEPHS1,TNFRSF19,PRSS35,PTP4A1,ZNF503,GLI3,CTHRC1,TRPM3,ZIC1,SHROOM1,EPHA4,LIFR,CELF4,CTBP2,GOLGA7B,NETO2,AFF3,SORBS2,FARP1,DPP10,HDAC4,LGR5,RBPMS2,SIX1,CHL1,PDZRN3,NPAS2,ZBTB2,COL11A1,FLVCR2,TET2,APCDD1,ETV1,SMAGP,DNM3,RUNX1T1,KREMEN1,TCF7,SEMA6D,NKIRAS2,SLC22A17,FAM169A,CREM,SLC30A1,SYNE1,KALRN,AMOTL1,TGFB2,DAAM2,IQCA1,KCNJ5,IRF2,PLXNA1,QPCT,ISM1,LEF1,ETV5,ATP10A,AUTS2,DACH1,ABR,ATP10D,CDH2,KRAS,CDKL5,PCGF5,DAB2,CPSF6,MAML3,ZCCHC12,MIA2
6	homer-M00199	0.0723028	3.81319	M2	TCF3,TCF7L2,TCF4,TCF7,TCF7L1,LEF1	AXIN2,TNFRSF19,SP5,BMP4,ZNF503,GOLGA7B,TCF7,HDAC4,CELF4,SHROOM1,CDK6,EPHA4,PCGF5,PTPRE,REV1,SMAGP,CACNB2,FZD7,SIX1,NKD1,ISM1,AFF3,ABR
7	transfac_pro-M01251	0.0721644	3.79943	M3	E2F1	CTBP2,TCF7L2,DAAM2,SEPHS1,GLI3,AUTS2,CDK6,ETV1,PITX1,DLX6,AXIN2,GATA4,LEF1,REV1,CGNL1,NHS,HDAC4,DLL1,KCNJ8,FZD7,HMGA2,QPCT,SIM2,PSD3,TBX3,IRF2,SIX1,JARID2,PLXNA2,RUNX1T1,RAB38,DPP10,SSBP4,CACNA1C,LAMA2,DACH1,SORBS2,TPBG,SHROOM4,KIF16B,SV2C,PCGF5,TET2,NETO2,BRPF3,SEMA6D,SLC35F1,NFATC4,CACNB2,MAML3,LTBP1,PSME4,ERN1,TNFRSF19,ATP10D,LIFR,ILF3,SYNE1,EPHA4,ID2,PBX1,KALRN,HNRNPH3,ZNF609,TMEM200A,BMP4,CTNNB1,AMOTL1,WDR18,NR4A3,DOC2B,ZBTB2,TIMP3,FOXD1,CHL1,ZNF711,UGCG,PRSS35,CDKL5,MSI2,PHLDA1,ZIC1,CSRP2,SCARA3,ETV5,SMS,EIF3M,CACHD1,RORB,MAPK14,PRKD3,PLXNA1,FAM169A,PLCL2,ISM1,DNM3,ESD
8	yetfasco-374	0.0717346	3.75671	M1		ZIC1,AUTS2,DLX6,CELF4,JARID2,NLK,WDR18,CTBP2,SEPHS1,NR4A3,SEMA6D,HMGA2,KRAS,CSRP2,TPBG,MAML3,CTNNB1,ZBTB2,TBX3,BRPF3,CDKL5,TNPO2,TSC22D2,MSI2,RORB,UST,GLI3,LGR5,KCNJ8,HDAC4
9	transfac_pro-M02920	0.0704595	3.62997	M4	TCF7L1,ELF3	ZIC1,SEPHS1,TBX3,CELF4,TCF7L2,PLXNA2,NR4A3,CBX4,DLX6,AUTS2,NLK,CTBP2,PBX1,ID2,CGNL1,PITX1,SEMA6D,RORB,HDAC4,IRF2,DAB2,LEF1,MAGI1,BMP4,NHS,ZNF711,GLI3,WDR18,TRPM3,FOXL2,CDK6,FZD7,DLL1,ILF3,ATP10A,PCGF5,MAML3,GATA4,CDH2,ANGPT2,TET2,LTBP1,PTP4A1,TPBG,SHMT2,JARID2,SIM2,ABR,RUNX1T1,REV1,LGR5,SIX1,TIMP3,UST,NKD1,SV2C,KCNK10,FGF12,NRXN2,BRPF3,PDZRN3,PABPN1,NAV1,KCNJ8,RBPMS2,RELN,QPCT,AXIN2,EPHA4,HNRNPH3,GOLGA7B,CACNA1C,ZNF609,ETV1,CHL1,SSBP4,ASTN1,TSPAN7,ZNF503,HOXD9,PLCL2,HMGA2,SCARA3,PDK4,DAAM2,FGFR2,TGFB2,NTM,CTNNB1,ETV5,ADAMTSL1,CTDSPL2,PDE7B,CYBRD1,SLC25A15,AFF3,KDM4B,TOB1,DOC2B,RAI1,KALRN,NFATC4,DGKD,SORBS2,CACHD1,SOAT1,FAM169A,SESN3,TCF7,SLC23A2,DNM3,CACNB2,DACH1,XYLT1,SERPINB7,ERN1,FRK,ENC1,SMS,GFRA2,DPP10,TNFSF13B,SYNE1,NETO2,AMOTL1,MYLIP,SHANK2,ANG,MSI2,NPAS2,PRKD3,TNFRSF19,LCA5,TEC,KRAS,LIFR,CALN1,PDE2A
10	homer-M00640	0.0696858	3.55307	M2	TCF7,LEF1,TCF7L2,TCF7L1	AXIN2,NKD1,SP5,SEPHS1,NHS,MAGI1,TRPM3,DPP10,PTP4A1,SORBS2,SCARA3,CACNB2,ZNF503,ZBTB2,RUNX1T1,TET2,CTBP2,ZIC1,NR4A3,TBX3,CELF4,TNFRSF19,LIFR,RBPMS2,SYTL2,RORB,DNM3,COL11A1,AFF3,DAAM2,CBX4,CDH2,SIM2,PCGF5,CTHRC1,NLK,AMOTL1,PDZRN3,KCNJ5,ETV1,GLI3,PRSS35,NPAS2,HDAC4,APCDD1,REV1,FARP1,CHL1,TPBG,ADAMTSL1,MAML3,QPCT,KALRN,SLC22A17,NFATC4,SMS,SHROOM1,SEMA6D,LGR5,NETO2,SLC25A28,PRKD3,DZIP1,KCNJ8,EIF3M,SH3BP4,KIF7,JARID2,FOXL2,TMEM200A,NTM,DAB2,LAMA2,CGNL1,DLC1,CDKL5,ILF3,KDM4B,SHROOM4,PHLDA1,ID2,UGCG,SESN3,INVS,SHANK2,ABCB4,EML6,ERN1,COL18A1,ZCCHC12,BMP4,GDF10,KCNK10,SPOCK1,FZD7,SMAGP,DACH1,CYBRD1,ETV5,TIMP3,INPP5A,IQCA1,MIA2,SERPINB7,PSME4,KRAS,DLX6,FGF12,TGFB2,SLC30A1,ARL3,CPSF6,NAV1,RELN,ATP10D,BRPF3,CREM,EPHA4,CALN1,AUTS2,PLXNA2,DLL1,LTBP1,CACNA1C,FAM169A,PBX1,ZNF609,ASB13,TCF7,VSNL1,AGAP1,ENC1,RAI1,LY75,SLC23A2,CSRP2,SYNE1,PLCL2,MYLIP,SLC12A2,ABR,P4HA1,SIX1,HECTD2,HNRNPH3,LEF1,ISM1,CDK6,GATA4,MC2R,PARG
11	transfac_pro-M02355	0.0696858	3.55307	M2		AXIN2,NKD1,SP5,SEPHS1,NHS,MAGI1,TRPM3,DPP10,PTP4A1,SORBS2,SCARA3,CACNB2,ZNF503,ZBTB2,RUNX1T1,TET2,CTBP2,ZIC1,NR4A3,TBX3,CELF4,TNFRSF19,LIFR,RBPMS2,SYTL2,RORB,DNM3,COL11A1,AFF3,DAAM2,CBX4,CDH2,SIM2,PCGF5,CTHRC1,NLK,AMOTL1,PDZRN3,KCNJ5,ETV1,GLI3,PRSS35,NPAS2,HDAC4,APCDD1,REV1,FARP1,CHL1,TPBG,ADAMTSL1,MAML3,QPCT,KALRN,SLC22A17,NFATC4,SMS,SHROOM1,SEMA6D,LGR5,NETO2,SLC25A28,PRKD3,DZIP1,KCNJ8,EIF3M,SH3BP4,KIF7,JARID2,FOXL2,TMEM200A,NTM,DAB2,LAMA2,CGNL1,DLC1,CDKL5,ILF3,KDM4B,SHROOM4,PHLDA1,ID2,UGCG,SESN3,INVS,SHANK2,ABCB4,EML6,ERN1,COL18A1,ZCCHC12,BMP4,GDF10,KCNK10,SPOCK1,FZD7,SMAGP,DACH1,CYBRD1,ETV5,TIMP3,INPP5A,IQCA1,MIA2,SERPINB7,PSME4,KRAS,DLX6,FGF12,TGFB2,SLC30A1,ARL3,CPSF6,NAV1,RELN,ATP10D,BRPF3,CREM,EPHA4,CALN1,AUTS2,PLXNA2,DLL1,LTBP1,CACNA1C,FAM169A,PBX1,ZNF609,ASB13,TCF7,VSNL1,AGAP1,ENC1,RAI1,LY75,SLC23A2,CSRP2,SYNE1,PLCL2,MYLIP,SLC12A2,ABR,P4HA1,SIX1,HECTD2,HNRNPH3,LEF1,ISM1,CDK6,GATA4,MC2R,PARG
12	transfac_pro-M01092	0.0695712	3.54168	M2	NANOG,SOX4,SOX11	FZD7,ZIC1,PLXNA2,TBX3,PBX1,MIA2,ZNF503,CELF4,GLI3,SP5,ANGPT2,CTBP2,DLX6,SIM2,TNFRSF19,KCNJ8,CGNL1,HDAC4,SEPHS1,CBX4,AXIN2,CACNB2,ID2,PDZRN3,RBPMS2,NTM,LGR5,LEF1,EML6,FAM169A,TRPM3,CDH2,NAV1,NHS,AUTS2,ILF3,KDM4B,SH3BP4,TOB1,NKD1,LIFR,NLK,HNRNPH3,NR4A3,QPCT,ATP10A,TET2,SEMA6D,CDK6,BMP4,EPHA4,ASTN1,MAML3,REV1,KCNJ5,RUNX1T1,DPP10,EPB41L1,NPAS2,IRF2,DAB2,FGF12,MREG,PCGF5,DLC1
13	transfac_pro-M01253	0.0694423	3.52886	M1	CNOT3	AUTS2,SEPHS1,SIX1,GLI3,WDR18,LGR5,PITX1,SEMA6D,PTBP1,TBX3,CPSF6,PLXNA2,DLL1,CALN1,DGCR8,HDAC4,NR4A3,MAGI1,SIM2,GATA4,MREG,FAM169A,ID2,CTBP2,BRPF3,JARID2,NTM,TSC22D2,DAB2,RBPMS2,PRKD3,ENC1,NKX3-2,SSBP4,RORB,RUNX1T1,FGFR2,TGFB2,KCNK10,MAML3,PLXNA1,TET2,HNRNPH3,PLCL2,CDK6,ZIC1,BMP4,DACH1,CSRP2,IFFO2,NPAS2,KCNJ8,HOXD9,LSM14A,NAV1,LEF1,NLK,TPBG,CBX3,IRF2,KRAS,ETV1,AXIN2,CBX4,CELF4,FOXL2,NKD1,ZNF503,BUB3,ERN1,ETV5,REV1,TNPO2,SYNE1,SH3BP4,AMOTL1,PGF,SV2C,SHROOM1,KCNJ5,DLX6,TCF7L2,CACNA1C,SORBS2
14	transfac_pro-M03849	0.0692656	3.5113	M2	SOX4	RORB,DLL1,TNFRSF19,SORBS2,MAGI1,DPP10,MAML3,ZIC1,DLX6,BMP4,FZD7,CELF4,PTP4A1,CTBP2,NTM,TBX3,KREMEN1,TET2,PLCL2,RUNX1T1,PDZRN3,PRKD3,ARL3,NLK,SH3BP4,ILF3,ARHGAP12,DAB2,CDKL5,SEPHS1,FRK,CACNB2,CDK6,CPSF6,AXIN2,ABR,DACH1,FOXL2,CSRP2,ANGPT2,FAM171A1,CTDSPL2,TRPM3,NR4A3,TGFB2,CGNL1,FARP1,MYLIP,NHS,SEMA6D,EML6,SMS,SP5,HNRNPH3,ASB4,COL11A1,ENC1
15	transfac_pro-M01834	0.0691462	3.49944	M4	HOXD9,HOXC10	SEPHS1,HOXD9,SSBP4,ETV5,CELF4,NTM,PTP4A1,NR4A3,CTBP2,DUSP5,TCF7L2,DPP10,NLK,KREMEN1,CDH2,HDAC4,KDM4B,RORB,SEMA6D,HMGA2,FAM169A,SIM2,AFF3,DLL1,SH3BP4,JARID2,ETV1,DAAM2,LTBP1,FARP1,PCGF5,BMP4,RBPMS2,CSRP2,CDKL5,DCAF15,LGR5,KCNJ5,ID2,CACNA1C,ILF3,CGNL1,DOC2B,FGF12,GOLGA7B,CDK6
16	hdpi-ACO1	0.0690507	3.48994	M3	ACO1	SEPHS1,TBX3,SLC30A1,MAML3,ZNF711,HDAC4,ETV5,CBX2,ABR,CTBP2,ASB13,PITX1,PDLIM3,RORB,CELF4,SIM2,NKD1,LEF1,TGFB2,SIX1,DAB2,ZIC1,DLL1,ID2,ANGPT2,NR4A3,HNRNPH3,UST,FZD7,AXIN2,AUTS2,JARID2,DLX6,KDM4B,RAI1,FOXD1,ZBTB2,CBX4,CGNL1,GATA4,PLXNA2,REV1,NHS,ENC1,BMP4,SYTL2,DAAM2,KCNJ8,NFATC4,LAMC3,AGAP1,PDZRN3,MAGI1,GLI3,NTM,CDK6,RUNX1T1,SSBP4,SLC23A2,CREM,PLCL2,CSRP2,WDR18,TET2,SEMA4G,EPHA4,CTNNB1,TOB1,PRRX2,MYLIP,TNFRSF19,KREMEN1,RELN,SHMT2,CDH2,LIFR,BUB3,ETV1,KCNK10,ERN1,LGR5,HMGA2,PARG,EPB41L1,TCF7L2,ATP10D,ILF3,COL18A1,SV2C,PRPSAP1,CALN1,SMYD2,LAMA2,SCARA3,TRAPPC10,IRF2,PRR3,TIMP3,CHRD,LRP6,KRAS,EML6,PRKD3,NPAS2,SORBS2
17	iDMMPMM-MAD	0.0690029	3.48519	M1		NR4A3,JARID2,SHMT2,NLK,MAML3,P4HA1,CTBP2,NHS,CTNNB1,RORB,TSC22D2,ZNF711,HMGA2,SHROOM4
18	hdpi-PRKRIR	0.0689074	3.4757	M5	PRKRIR	PBX1,NHS,FZD7,TBX3,CHL1,ANGPT2,CACHD1,CGNL1,NKD1,KALRN,GLI3,GFRA2,RUNX1T1,TCF7L2,TIMP3,ADAMTSL1,SIX1,SLC25A28,PLXNA2,SHROOM1,CTBP2,FARP1,PRRX2,DLC1,P4HA1,TRPM3,DPP10,TET2,ETV1,SIM2,UST,NRXN2,TOB1,NLK,GATA4,KCNJ5,AFF3,FGF12,PDE5A,PLCL2,ZIC1,JARID2,ID2,NTM,ITGA9,MSI2,PRSS35,FRK,PDK4,AXIN2,SEMA4G,MC2R,LTBP1,RORB,REV1,FAM171A1,CELF4,SIAH2,PCP4,CDK6,ZBTB2,IRF2,SMS,FSCN1,SHROOM4,QPCT,SORBS2,LY75,AUTS2,NETO2,BUB3,DAB2,CPSF6,MAML3,KRAS,SEPHS1,HOXD9,PON2,TSC22D2,KREMEN1,AGAP1,CALN1,ATP10D,SEMA6D,ABR,DUSP5,UGCG,SLC2A1,CDH2,KIF16B,BMP4,COL11A1,KCNK10,CDKL5,TCF7,TPBG,PCGF5,NPAS2,PPEF1,PSD3,PSME4,LGR5,HNRNPH3,ISM1,CACNB2,MAGI1,CTNNB1,HDAC4,NR4A3,WNT4,ARHGAP12,PITX1,TNFRSF19,FLVCR2,CBX2,SCARA3,ETV5,LIFR,ERN1,DNM3,EIF3M,ZNF496,SESN3,SLC25A15,CREM,PDZD8,DLX6,SV2C,CSRP2,CBX4,ARL3,CACNA1C,LAMA2,TGFB2,SERINC5,FGFR2,PHLDA1,TNFSF4,BRPF3,ABCB4,DAAM2,PTPRE,KIF5B,LOXL2,SLC35F1,WDR18,SYNE1,ANG,RBPMS2,PDLIM3,PDZRN3,RAB38,ZNF711,SH3BP4,MAPK14,THPO,CCNJ,DACH1,SYTL2,DLL1,ASB4,LEF1,PTP4A1,EFNB1,PDE7B,SLC23A2,TSPAN7,LSM14A
19	swissregulon-LEF1_TCF7_TCF7L1-2.p2	0.0688787	3.47285	M2	TCF7L1,LEF1,TCF7L2,TCF7,TCF4,TCF3	SP5,TNFRSF19,AXIN2,SHROOM1,CACNB2,NKD1,TCF7,GOLGA7B,HDAC4,EPHA4,DACH1,TNFAIP1,ABR,PRKD3,CDH2,TRPM3,ZIC1,SLC30A1,PBX1,ENC1,LIFR,HNRNPH3,AFF3,APCDD1,AUTS2,ASTN1,CDK6,LTBP1,CHL1,COL18A1,LY75,LEF1,ETV1,SORBS2,RASL10B,CBX4,SESN3,NETO2,FZD7,DPP10,LGR5,RAI1,MYO9B,SLC2A1,RUNX1T1,ADAMTSL1,NR4A3,PLXNA2
20	transfac_pro-M01279	0.0686065	3.4458	M3	IRF3,E2F1,IRF2,IRF7,IRF1,IRF5,IRF4,IRF6,IRF8	PCGF5,KALRN,TBX3,GLI3,IRF2,LEF1,PLXNA2,FZD7,CTBP2,PBX1,ZNF711,JARID2,ZIC1,PLCL2,CELF4,NHS,DAB2,ASTN1,CGNL1
21	homer-M00391	0.068554	3.44058	M2	LEF1,TCF7,TCF7L2,TCF7L1	AXIN2,NKD1,SP5,ZNF503,RORB,SEPHS1,FOXL2,CELF4,CTBP2,TBX3,NHS,DPP10,LIFR,SIX1,PTP4A1,MAGI1,FARP1,DUSP5,SORBS2,ZIC1,RBPMS2,COL18A1,CBX4,SYTL2,NFATC4,ZBTB2,TNFRSF19
22	transfac_pro-M02816	0.0685397	3.43915	M2	TCF7L1,TCF4,LEF1,TCF7L2,TCF3,TCF7,SOX4,SOX11	SP5,CACNB2,NKD1,GOLGA7B,BMP4,ABR,SHROOM1,TNFRSF19,FZD7,NFATC4,ETV1,SORBS2,LIFR,AUTS2,AXIN2,RBPMS2,CELF4,HDAC4,TRPM3,REV1,MIA2,CHL1,TCF7,RUNX1T1,SYNE1,ATP10D,DACH1,SEMA4G,ZCCHC12,DPP10,TBX3,LGR5,ENC1,SMAGP
23	elemento-ACACGCG	0.0685158	3.43678	M6		KCNJ5,CELF4,NR4A3,HMGA2,SSBP4,CTBP2,MAML3,DOC2B,TGFB2,ATP10D,LOXL2,CDK6,COL18A1,DLX6,NTM,DACH1,CALN1,DLL1,NPAS2,SIX1,AGAP1,NRXN2,ANGPT2,PGF,TBX3,OTUD3,HDAC4,IRF2,PITX1,CTNNB1,NLK,GOLGA7B,ENC1,TOB1,SEMA6D,MAGI1,PLCL2,RORB,PRKD3,TCF7L2,SIM2,PDE2A,SV2C,PRR3,KDM4B,ARHGAP12,CDKL5,CHL1,REV1,EPHA4,RELN,NR1D2,ITGA9,CDH2,CSRP2,AFF3,CGNL1,ATP10A,NHS,GATA4,NKX3-2,PLXNA2,PLXNA1,SLC23A2,NAV1,DAAM2,KCNJ8,MSI2,MREG,DGCR8,DAB2,LRP3,CACHD1,CBX4,ABCB4,TNFRSF19,GFRA2,TET2,PTP4A1,AXIN2,ASB4,FOXK1
24	yetfasco-2068	0.0682101	3.4064	M1		IFFO2,NR4A3,GLI3,ZNF503,DLL1,JARID2,LEF1,HMGA2,WDFY3,ENC1,ABR,CDH2,GATA4,SV2C,SEMA6D,ETV5,WDR18,TNPO2,CELF4,SLC30A1,KCNJ8,DAB2,ZIC1,GOLGA7B,ID2,RUNX1T1,RORB,FARP1,FOXL2,PABPN1,EML6,PDZD8,NETO2,CHL1,CACNA1C,PTP4A1,TSC22D2,ATP10D,NPAS2,PLCL2,AUTS2,NTM,TBX3,SIM2,LAMA2,DLX6,KRAS,CTNNB1,SLC12A2,CTBP2,SIX1,TPBG,PLXNA1,NAV1,DAAM2,BMP4,SYNE1,NKD1,CDKL5,EPHA4,ESD,SORBS2,COL11A1,SEPHS1,KCNK10,ANGPT2,LIFR,LGR5,DACH1,CACHD1,TNFRSF19,FBXO31,CBX3,ITGA9,NKX3-2,DOC2B,CDK6,TGFB2,ZBTB2,ETV1,PTBP1,GDF10,LCA5,DZIP1,TOB1,SLC23A2,PLXNA2,KALRN,UST,TET2,CPSF6,ISM1,ERN1,ZNF711,MAML3,ANG,PRPSAP1,PITX1,ZBTB24,PGF,TCF7L2,KIF7,CSRP2,SHROOM4,RELN,XYLT1,PBX1,FGF12,DLC1,SOAT1,MAGI1,FZD7,SHROOM1,SLC25A28,ASTN1,PDZRN3,LTBP1,AXIN2,HDAC4,TIMP3,DGKD,FAM171A1,NHS,PDLIM3,SMYD2,FRK,P4HA1
25	homer-M00689	0.0681337	3.3988	M2	LEF1,TCF7,TCF7L2,TCF7L1	NKD1,AXIN2,SP5,SEPHS1,ZNF503,MAGI1,DPP10,PTP4A1,TBX3,LIFR,NHS,RBPMS2,CELF4,FARP1,CBX4,SYTL2,SORBS2,RORB,PDZRN3,ZBTB2,HNRNPH3,TRPM3,TET2,NFATC4,SEMA6D,ZIC1,ETV1,FOXL2,NR4A3,SIM2,SCARA3,CTBP2,DNM3,TNFRSF19,HDAC4,SH3BP4,JARID2,DAAM2,KCNJ5,UGCG,ADAMTSL1,APCDD1,DLC1,ETV5,LGR5,ABR,NLK,RELN,DACH1,CDH2,NAV1,RUNX1T1,GLI3,CACNB2,CDKL5,TPBG,FZD7,NPAS2
26	transfac_pro-M01057	0.0679618	3.38172	M1		PTP4A1,NR4A3,JARID2,ZBTB2,LSM14A,TSC22D2,ZNF503,MAML3,HDAC4,PRKD3,ID2,KRAS,NHS,SEPHS1,FZD7,ZNF711,AUTS2,SEMA6D,CELF4,CTBP2
27	homer-M00424	0.0677612	3.36178	M7	LEF1,TCF7,TCF7L2,TCF7L1	TBX3,RUNX1T1,ZNF503,NR4A3,ANGPT2,CELF4,MAML3,EML6,KREMEN1,FOXL2,FZD7,ARL3,CDKL5,PBX1,TET2,PITX1,REV1,CHL1,DLX6,CTBP2,MYLIP,RORB,CGNL1,HNRNPH3,PDZRN3,KDM4B,NHS,SIX1
28	transfac_pro-M01648	0.0675416	3.33995	M8		GATA4,FZD7,TET2,CDK6,SESN3,BMP4,CACHD1,SIX1,NPAS2,LSM14A,DLL1,PITX1,LEF1,CALN1,TCF7,TNFRSF19,CDH2,GDF10,PDZRN3,NR4A3,KCNK3,GLI3,TSC22D2,TBX3,TGFB2,KRAS
29	taipale-AAAGATCAAAGGRWW-LEF1-DBD	0.0674604	3.33188	M2	LEF1,TCF7L1,TCF4,TCF7,TCF7L2	GOLGA7B,CACNB2,AXIN2,TNFRSF19,SP5,AFF3,NKD1,TCF7,ISM1,LIFR,CELF4,RAI1,EPB41L1,LEF1,TRPM3,HDAC4,NFATC4,SLC25A28,LTBP1,ATP10D,DPP10,ABR,JARID2,AMOTL1,REV1
30	homer-M00836	0.0672407	3.31004	M1		TSC22D2,NR4A3,JARID2,SEMA6D,ZBTB2,PTP4A1,LSM14A,ZNF503,ID2,HMGA2,RORB,CELF4,MAML3,ZNF711,AUTS2,NHS,SHROOM4,WDR18,PRKD3,KRAS,CTBP2,HDAC4,SEPHS1,UST,PLXNA2,KIF5B,NPAS2,CPSF6,KLHDC2,TBX3,HOXD9,DGCR8,ASTN1,NKX3-2,PLCL2,ISM1,SIX1,CACNB2,LEF1,CACHD1,AFF3,PITX1,CACNA1C,FZD7,CTNNB1,LGR5,SESN3,GLI3,P4HA1,KCNJ5,PCGF5,ATP10D,ZIC1,ZZEF1,CDK6,NRXN2,IRF2,BRPF3,HNRNPH3,TNPO2,SLC30A1,FGF12,NLK,CTDSPL2,GFRA2,CDKL5,SSBP4,SORBS2,LIFR,KREMEN1,AXIN2,TPBG,GATA4,SV2C,CSRP2,PDZD8,TNFRSF19,DPP10,KIF7,EML6,SIM2,SHANK2,ZNF496,ARHGAP12,NETO2,SOAT1,NTM,FARP1,AMOTL1,ETV1,DAAM2,NKD1,ENC1,XYLT1
31	transfac_public-M00148	0.0670688	3.29295	M7	SRY	ANGPT2,DLL1,MAGI1,TET2,TBX3,KREMEN1,FGF12,CTBP2,TNFRSF19,ZIC1,BMP4,RUNX1T1,CDH2,TRPM3,LGR5,SEMA6D,SIX1,ID2,FZD7,PSME4,DACH1,ETV5,RORB,MAML3,PLCL2,GLI3,ABR,DPP10,HNRNPH3,CGNL1,CSRP2,TOB1,PTP4A1,ATP10A,DAB2,MYLIP,NLK
32	flyfactorsurvey-exd_FlyReg_FBgn0000611	0.0669924	3.28536	M4	PBX3,PBX2,PBX1,PBX4	TBX3,CELF4,ZNF503,SEPHS1,JARID2,MAGI1,FOXL2,ZIC1,CTBP2,IRF2,PITX1,CBX4,HDAC4,ID2,DLX6,NKD1,TCF7L2,SLC23A2,NR4A3,BMP4,SIM2,ILF3,HNRNPH3,NPAS2,TRPM3,MAML3,AXIN2,RORB,DLL1,SORBS2,KDM4B,TOB1,LAMA2,WDR18,GATA4,NHS,NTM,ANGPT2,LGR5,SSBP4,SHANK2,DACH1,ATP10A,FZD7,CHL1,KCNJ8,AUTS2,TET2,CDK6,ISM1,PHLDA1,PDZRN3,UGCG,CGNL1,UST,PBX1,RAI1,TRAPPC10,ENC1,MAPK14,NAV1,DAB2,SH3BP4,EPHA4,ERN1,NHLRC2,CACNB2,NLK,NETO2,HECTD2,PLXNA2,SMS,GLI3,ATP10D,SIX1,QPCT,PLCL2,ANG,RBPMS2,P4HA1,DAAM2,FGF12,SEMA6D,TGFB2,RUNX1T1,KCNK10,CDH2,AFF3,CACNA1C,LOXL2,DLC1,KCNJ5,LEF1,DOC2B,ZBTB2,KIF7,FARP1,ARL3,BRPF3,SYTL2,MYLIP,MSI2,PCGF5,TSPAN7,PRRX2,TCF7,ABR,TSC22D2,HIPK4,WNT4,PLXNA1,KIF5B,WDFY3,CTNNB1,PRPSAP1,VSNL1,PDLIM3,ACACB,PARG,RAB38,CDKL5,EML6,KRAS,ZNF609,ARHGAP12,SERINC5,SESN3,LRP6,SLC30A1,FRK,ETV5,TNFRSF19,RASL10B
33	homer-M00617	0.0669924	3.28536	M4	PBX3,PBX1,PBX2,PBX4	TBX3,CELF4,ZNF503,SEPHS1,JARID2,MAGI1,FOXL2,ZIC1,CTBP2,IRF2,PITX1,CBX4,HDAC4,ID2,DLX6,NKD1,TCF7L2,SLC23A2,NR4A3,BMP4,SIM2,ILF3,HNRNPH3,NPAS2,TRPM3,MAML3,AXIN2,RORB,DLL1,SORBS2,KDM4B,TOB1,LAMA2,WDR18,GATA4,NHS,NTM,ANGPT2,LGR5,SSBP4,SHANK2,DACH1,ATP10A,FZD7,CHL1,KCNJ8,AUTS2,TET2,CDK6,ISM1,PHLDA1,PDZRN3,UGCG,CGNL1,UST,PBX1,RAI1,TRAPPC10,ENC1,MAPK14,NAV1,DAB2,SH3BP4,EPHA4,ERN1,NHLRC2,CACNB2,NLK,NETO2,HECTD2,PLXNA2,SMS,GLI3,ATP10D,SIX1,QPCT,PLCL2,ANG,RBPMS2,P4HA1,DAAM2,FGF12,SEMA6D,TGFB2,RUNX1T1,KCNK10,CDH2,AFF3,CACNA1C,LOXL2,DLC1,KCNJ5,LEF1,DOC2B,ZBTB2,KIF7,FARP1,ARL3,BRPF3,SYTL2,MYLIP,MSI2,PCGF5,TSPAN7,PRRX2,TCF7,ABR,TSC22D2,HIPK4,WNT4,PLXNA1,KIF5B,WDFY3,CTNNB1,PRPSAP1,VSNL1,PDLIM3,ACACB,PARG,RAB38,CDKL5,EML6,KRAS,ZNF609,ARHGAP12,SERINC5,SESN3,LRP6,SLC30A1,FRK,ETV5,TNFRSF19,RASL10B
34	transfac_pro-M01829	0.0669542	3.28156	M5		FZD7,SEPHS1,CTBP2,PBX1,CACHD1,NPAS2,EIF3M,TBX3,ADAMTSL1,KALRN,PRSS35,BRPF3,GLI3,P4HA1,CGNL1,MAML3,JARID2,ARHGAP12,ID2,PEG10,TRPM3,PTP4A1,SIX1,TSC22D2,RUNX1T1,DLC1,ETV1
35	transfac_pro-M01130	0.0664957	3.23599	M5		SEPHS1,FZD7,MAML3,CTBP2,ADAMTSL1,CACHD1,PBX1,NPAS2,KALRN,TBX3,NHS,SIX1,P4HA1,ARHGAP12,JARID2,CGNL1,PRSS35,PEG10,GFRA2,TSC22D2,PTP4A1,TET2,RUNX1T1,CHL1,AXIN2,TIMP3,SEMA6D,MSI2,DLC1,BRPF3,PDK4,PHLDA1,TRPM3,FRK,SESN3,BMP4,EIF3M,CYBRD1,GATA4,AUTS2,SLC25A28,PLXNA2,ID2,NLK,FGFR2,UGCG,LIFR,MERTK,CBX2,PSD3,LGR5,ETV1,GLI3,KCNK10,DPP10,CDK6,SORBS2,RELN
36	hdpi-RBBP9	0.0663524	3.22175	M9	RBBP9	GLI3,SEPHS1,PDE5A,RUNX1T1,CTBP2,CDK6,NETO2,DACH1,CTNNB1,CDH2,SESN3,RELN,ETV1,TSC22D2,HNRNPH3,SORBS2,ETV5,TCF7L2,BRPF3,FZD7,TNFRSF19,PBX1,P4HA1,CACHD1,COL11A1,AFF3,ZBTB2,PTP4A1,LTBP1,PHLDA1,CDKL5,QPCT,MAPK14,PRKD3,PRSS35,FGFR2,MYLIP,DLX6,TRPM3,TOB1,TBX3,LEF1,AXIN2,CACNB2,NHS,HECTD2,LGR5,TET2,ASB4,KCNJ8,HDAC4,SLC30A1,CPSF6,RORB,MERTK,SEMA6D,SIX1,DLC1,PDZD8,BUB3,MAML3,PEG10,LAMA2,MSI2,ID2,CELF4,EPHA4,ATP10D,VSNL1,AMOTL1,DPP10,NPAS2,KREMEN1,JARID2,GDF10,RHOU,BMP4,SV2C,KCNJ5,NKD1,KCNK10,CHL1,ENC1,TGFB2,LCA5,KIF5B,ERN1,IRF2,HMGA2,CREM,DLL1,SIM2,SMS,ESD,AUTS2,CTDSPL2,TSPAN7,SIAH2,CTHRC1,CGNL1,TNFSF13B,DAAM2,ISM1,PDZRN3,PLCL2,EML6,INVS,DAB2,PCP4,ADAMTSL1,ZNF503,NLK,MAGI1,ANGPT2,FAM169A,SERPINB7,PCGF5
37	factorbook-TCF7L2	0.0663238	3.2189	M2	TCF7L2,LEF1,TCF7L1,TCF7,TCF3,TCF4	SP5,TNFRSF19,AXIN2,GOLGA7B,CACNB2,TCF7,NKD1,EPHA4,ZNF503,HDAC4,SHROOM1,ABR,NETO2,ETV1,CELF4,DPP10,SMAGP,TET2,LIFR,SYNE1,NKIRAS2,DACH1,PTPRE,MIA2,TRPM3
38	elemento-CGCCGCC	0.066128	3.19944	M1		PTP4A1,NR4A3,JARID2,ZBTB2,TSC22D2,ZNF503,LSM14A,HDAC4,PRKD3,NHS,MAML3,KRAS,SEPHS1,AUTS2,ZNF711,ID2,CTBP2,FZD7,NPAS2,PDZD8,SEMA6D,RORB,SHROOM4,HMGA2,CELF4,BRPF3,DZIP1,ASTN1,PLCL2,RELN,CACNA1C,NKX3-2,LEF1,ISM1,UST,TBX3,GLI3,PLXNA2,CPSF6,FGFR2,AFF3,SIX1,HNRNPH3,FGF12,CDK6,KLHDC2,PITX1,NR1D2,CBX4,IRF2,ZZEF1,LRP6,GFRA2,SESN3,SV2C,CDH2,ILF3,SHANK2,LGR5,DAAM2,SSBP4,LIFR,SLC35F1,TPBG,SIM2,DLL1,BMP4,DAB2,CDKL5,CYBRD1,WDR18,P4HA1,GATA4,KCNJ5,SLC30A1,TOB1,PDE5A,FAM171A1,EML6,ETV1,NKD1,NRXN2,UGCG,WDFY3,FARP1,NETO2,BUB3,CHL1,HECTD2,KIF5B,DLX6,NFATC4,FOXD1,HOXD9,CACNB2,PRPSAP1,CACHD1,ATP10D,ZNF496,EPHA4,CTNNB1,NKIRAS2,COL7A1,MAGI1,TGFB2,AXIN2,CGNL1,PDZRN3,SLC2A1,SH3BP4,PRSS35,PARVB,TCF7L2,PLXNA1,TET2,ANKRD16,SLC12A2,NLK,ZIC1,SLC23A2,REV1,CBX3,ANGPT2,KREMEN1,CSRP2,RUNX1T1,PRRX2,PCGF5,CHTF18,ABR,PHLDA1,TNFRSF19,IFFO2,TSPAN7,STK32C,ATP10A,SLC25A15,TNPO2,SOAT1,ENC1,CTDSPL2,RPS28,CBX2,SP5,ARHGAP12,MSI2,CALN1,RAI1,SPOCK1,ERN1,TNFSF4,KIF16B,ETV5,DPP10,ITGA9,KCNK3,VSNL1,SORBS2,TRAPPC10
39	jaspar-CN0074.1	0.0658367	3.17049	M2	TCF7L2	TNFRSF19,SP5,NKD1,SORBS2,AFF3,EPB41L1,DAAM2,REV1,AXIN2,ERN1,XYLT1,PDE2A,NTM,ATP10D,PTP4A1,VSNL1,MYLIP,GLI3,GATA4,PRRX2,ZNF503,TEC,NETO2,SYNE1,SV2C,CALN1,SYTL2,CACNB2,CGNL1,NR4A3
40	homer-M00200	0.0655119	3.13821	M2	TCF4,LEF1,TCF7,TCF7L2,TCF7L1,TCF3	TNFRSF19,GOLGA7B,AXIN2,SP5,ETV1,ZNF503,SHROOM1,CACNB2,TCF7,ABR,NKD1,HDAC4,LIFR,REV1,SIX1,EPHA4,ISM1,PTPRE
41	transfac_pro-M02817	0.0653066	3.1178	M2	TCF7,TCF4,TCF7L2,LEF1,TCF3,TCF7L1,SOX4,NANOG,SOX11	SP5,CACNB2,NKD1,FZD7,ETV1,NFATC4,GOLGA7B,TNFRSF19,ABR,CELF4,REV1,SHROOM1,BMP4,SORBS2,MIA2,AXIN2,AUTS2,SYNE1,TRPM3,DPP10,LIFR,DAB2,HDAC4,TCF7,ENC1,CHL1
42	homer-M00201	0.0651776	3.10498	M2	TCF7L2,TCF3,TCF4,TCF7L1,LEF1,TCF7	TNFRSF19,AXIN2,SHROOM1,TCF7,HDAC4,ABR,ZNF503,CELF4,ISM1,LGR5,NKD1,AFF3,REV1
43	yetfasco-2124	0.0649532	3.08267	M7	FOXC2,FOXD2,FOXO1,FOXJ2,FOXA1,FOXL1,HLTF,FOXO4,FOXD3,FOXA2,FOXA3,FOXP3,FOXF2,FOXJ1,FOXF1,FOXO3,FOXB1,FOXJ3,FOXK1	PTP4A1,CELF4,PBX1,MAML3,DLL1,NR4A3,SEPHS1,CACHD1,HDAC4,RORB,ABR,UGCG,CACNB2,ANGPT2,CHL1,CBX2,AUTS2,KRAS,ZRANB1,AFF3,CALN1,TBX3,KDM4B,ARL3,SORBS2,DLX6,BMP4,NFATC4,AGAP1,CTBP2,SLC23A2,ILF3,MAGI1,CDK6,LOXL2,NHS,TRPM3,CDKL5,IRF2,SMYD2,PDE2A,NR1D2,COL18A1,DLC1,TNFRSF19
44	yetfasco-1012	0.0648815	3.07555	M7		ZNF503,ID2,KREMEN1,LGR5,DPP10,TCF7L2,TBX3,RORB,PBX1,SLC30A10,ILF3,DLL1,TNFRSF19,MREG,PDZRN3,TET2,ASB4,RASL10B,CDH2,TGFB2,PLCL2,CTBP2,CBX4,CBX2,ANGPT2,ADAMTSL1,GATA4,RUNX1T1,CDKL5,SSBP4,CACNB2
45	stark-AAASTTT	0.0648338	3.07081	M10		EIF3M,RBPMS2,NFATC4,CACHD1,FZD7,MAML3,ID2,PEG10,ISM1,EPHA4,CTNNB1,GLI3,MAGI1,CACNB2,PON2,LTBP1,PLXNA1,NR4A3,TPBG,ANKRD16,LEF1,DAAM2,GATA4,AUTS2,LAMA2,DLX6,TCF7L2,RELN,TBX3,GDF10,CTBP2,EML6,CYBRD1,NTM,SEPHS1,DACH1,MSI2
46	transfac_pro-M01599	0.0646284	3.0504	M7	FOXP3,FOXJ2,FOXC2,HSF1,FOXO1,FOXJ1,FOXF1,FOXF2,HMGA1,HMGA2,FOXL1,FOXJ3,FOXA1,FOXD2	ETV5,ANGPT2,NHS,SEPHS1,CACHD1,AGAP1,AFF3,SMYD2,DLL1,CHL1,RUNX1T1,CELF4,TNFRSF19,TBX3,LEF1,ZRANB1,ABR,DACH1,MAML3,DAAM2,ENC1,BMP4,HDAC4,ISM1,TGFB2,TRPM3,GATA4,UGCG,PLCL2,SERINC5,RORB,PTP4A1,CALN1,KRAS
# Rank	Track id	AUC	NES	ClusterCode	Transcription factor	Target genes
1	wgEncodeSydhTfbsHek293Tcf7l2UcdPk.narrowPeak.gz	0.0695139	6.42469	T1	TCF7L2	AUTS2,PSD3,AXIN2,ZNF503,SP5,NKD1,CDK6,TCF7,SLC25A28,ZCCHC12,TCF7L2,REV1,DACH1,ID2,ENC1,KREMEN1,LGR5,CDH2,LEF1,MYO9B,HMGA2,SIX1,APCDD1,AMOTL1,TNFRSF19,SLC2A1,SMAGP,PLXNA1,NFATC4,KIF5B,COL18A1,FSCN1,PHLDA1,KDM4B,PDK4,HDAC4,TBX3,TRPM3,ZRANB1,ANG,LRP6,GATA4,TPBG,NTM,FGF12,PDE5A,IRF2,DLC1,FGFR2,NAGS,FBXO31,DGKD,SEPHS1,NHLRC2,NHS,ETV1,FLVCR2,MAML3,GLI3,SOAT1,ANGPT2,WDR18,FARP1,ASB13,PLCL2,ZNF711,NR1D2,CREM,RHOU,CCNJ,SLC30A1,NKIRAS2,SLC12A2,BMP4,HNRNPH3,JARID2,CSRP2,SH3BP4,MREG,DUSP5,PBX1,PDE7B,BUB3,SEMA6D,CBX3,XYLT1,NETO2,ZBTB2,KIF16B,MAPK14,LCA5,SMYD2
2	wgEncodeSydhTfbsHct116Tcf7l2UcdPk.narrowPeak.gz	0.0526082	4.32827	T1	TCF7L2	COL18A1,SP5,AXIN2,ZCCHC12,ID2,MYO9B,MAML3,PDE5A,FARP1,ZNF503,ZZEF1,SLC25A28,TCF7L2,REV1,LRP6,DOT1L,ZBTB2,SYTL2,PSD3,KDM4B,KIF5B,TWSG1,TCF7,NKD1,CDK6,PRKD3,SMAGP,LCA5,IRF2,DUSP5,PLXNA1,ANKRD16,DNMT1,FSCN1,JARID2,ABR,ABCB4,SHROOM1,NHS,TNPO2,ATP10D,TBX3,SCARA3,FBXO31,PHLDA1,LGR5,FGFR2,INPP5A,CTBP2,ZNF496,NETO2,LTBP1,LSM14A,RHOU,MAGI1,TNFRSF19,DAB2,HMGA2,CCDC14,CTHRC1,SLC2A1,DGKD,SLC30A1,CSRP2,PDK4,SEPHS1,CCNJ,NR1D2,TEC,ATP8B3,HNRNPH3,CBX4,CYBRD1,ETV1,PDZD8,NSMCE4A,DNAJC9,NR4A3,INVS,CTNNB1,UGCG,EFNB1,NHLRC2,ESD,UST,NAGS,RPL18,DOC2B,NKIRAS2,KIF16B,RBPMS2,PTBP1,NAV1,BMP4,MAPK14,SIAH2,CREM,SLC25A15,NFATC4,TMEM200A,BUB3,FAM169A,BRPF3,ETV5,PDLIM3,ISM1,TPBG,CBX3,FAM171A1,EML6
3	wgEncodeSydhTfbsMcf7Tcf7l2UcdPk.narrowPeak.gz	0.0510848	4.13936	T1	TCF7L2	PSD3,SLC25A28,CDK6,SP5,DACH1,LGR5,ZCCHC12,MYO9B,NKD1,TCF7,KDM4B,SMYD2,ZNF503,LEF1,AXIN2,DLC1,COL18A1,REV1,DOT1L,NKIRAS2,NFATC4,DDB2,TNFRSF19,TCF7L2,KALRN,SCARA3,SLC30A1,SEMA6D,ZNF836,RHOU,IGSF5,CYBRD1,PTBP1,DNMT1,LSM14A,BMP4,DAB2,RAI1,APCDD1,ARHGAP12,IRF2,SMAGP,MSI2,TEC,ENC1,RUNX1T1,PGF,SYTL2,TNPO2,PTPRE,KIF5B,LRP6,CTBP2,SIX1,LTBP1,PHLDA1,COL7A1,CCDC14,ASB4,FLVCR2,NETO2,KIF16B,HNRNPH3,CTHRC1,ABR,DGKD,BUB3,SIAH2,TBX3,ID2,ZBTB2,FOXK1,LY75,PDZD8,SEMA4G,MREG,FBXO31,PLXNA1
4	wgEncodeSydhTfbsH1hescBrca1IggrabPk.narrowPeak.gz	0.0488307	3.85984	T2	BRCA1	KCNJ5,TBX3,PDE5A,CTBP2,FOXK1,CSRP2,ZBTB2,FLVCR2,ZNF711,NSUN7,RPS28,CCNJ,ID2,MAPK14,SUGP1,MC2R,SLC12A2,DPP10,RUNX1T1,HNRNPH3,SIAH2,UST,DLC1,ETV5,FARP1
5	wgEncodeHaibTfbsSknshMef2aV0422111PkRep1.broadPeak.gz	0.0465479	3.57676	T3	MEF2A	NR4A3,SERPINB7,RUNX1T1,COL7A1,DOT1L,GOLGA7B,LIFR,MAGI1,LCA5,SYTL2,SLC30A1,TCF7,PDZRN3,MYLIP,LTBP1,CACHD1,ID2,ETV1,SYNE1,CDH2,NR1D2,NPAS2,TBX3,DAB2,SIX1,CYBRD1,TOB1,FOXD1,ZNF503,KDM4B
6	wgEncodeSydhTfbsH1hescTbpIggrabPk.narrowPeak.gz	0.0440121	3.2623	T4	TBP	DLC1,PEG10,ST3GAL5,ID2,RUNX1T1,FSCN1,CTNNB1,EFNB1,CCDC134,KDM4B,FBXO31,DUSP5,HNRNPH3,SMU1,GADD45GIP1,FARP1,HDAC4,LRP6,PTBP1,RPS28,GDF10,KIF5B,ZNF711,DNAJC9
7	wgEncodeHaibTfbsHepg2Taf1Pcr2xPkRep1.broadPeak.gz	0.0425746	3.08404	T5	TAF1	LRP6,HNRNPH3,PTP4A1,SLC2A1,NKD1,DLC1,SP5,RPS28,TOB1,PRPSAP1,PHLDA1,FBXO31,ZBTB2,TSC22D2,CTNNB1,ETV5,CCDC134,EFNB1,NKIRAS2,ZNF503,KIF5B,MYLIP,ENC1,UGCG,IFFO2,SIAH2,ID2,ANKRD16
